Submission ID;Respondent ID;Submitted at;First Name;Last Name;Linkedin;Phone;Email;Dietary requirements;T-shirt size;Emergency contact;Emergency contact Phone;Why do you want to be part of Tectonic 2026?;Would you be interested in taking on a volunteer role with a little more responsibility?;Introduce yourself! 🎥;Upload your CV;Are you volunteering through an organization?;What organisation?;What kind of shifts would you feel comfortable doing?;What kind of shifts would you feel comfortable doing? (Setup & Logistics);What kind of shifts would you feel comfortable doing? (Technical Support);What kind of shifts would you feel comfortable doing? (Guest Flow & Stewarding);What kind of shifts would you feel comfortable doing? (Info & Welcome);What kind of shifts would you feel comfortable doing? (Food & Drinks);What kind of shifts would you feel comfortable doing? (Runner & Flexible Support);What kind of shifts would you feel comfortable doing? (Stage & Session Support);When would you be available to help out at Tectonic?;When would you be available to help out at Tectonic? (October 20 - Morning (Hackathon or Setup) );When would you be available to help out at Tectonic? (October 21 - Morning);When would you be available to help out at Tectonic? (October 21 - Afternoon);When would you be available to help out at Tectonic? (October 21 - Evening);When would you be available to help out at Tectonic? (October 22 - Morning (Breakdown));When would you be available to help out at Tectonic? (October 20 - Afternoon (Hackathon or Setup) );When would you be available to help out at Tectonic? (October 20 - Evening (Hackathon or Setup) );How many shifts would you be willing to take on during Tectonic?;Where did you hear about the open positions?;Anything else you would like to share with us?;Untitled checkboxes field;Untitled checkboxes field (I agree that Tectonic may use the information provided in this form for the organisation and coordination of Tectonic 2026 and its volunteer team. Privacy policy - https://www.tectonicconf.eu/privacy-statement)
sub_0001;resp_0001;2026-08-20T14:00;Nina;Jacobs;https://www.linkedin.com/in/nina-jacobs-1;+32478078673;nina.jacobs1@example.com;;S;Louise Claes;+32484903402;I would like to help make the event run smoothly and meet new people.;No;;;Nope, I'm Joining Independently;;Guest Flow & Stewarding;;;Yes;;;;;October 21 - Morning, October 20 - Afternoon (Hackathon or Setup), October 20 - Morning (Hackathon or Setup);Yes;Yes;;;;Yes;;4+;LinkedIn;;;Yes
sub_0002;resp_0002;2026-08-20T19:00;Charlotte;Vermeire;https://www.linkedin.com/in/charlotte-vermeire-2;+32472556017;charlotte.vermeire2@example.com;Vegan;S;Milan De Vos;+32485437923;I would like to help make the event run smoothly and meet new people.;Yes;;;Nope, I'm Joining Independently;;Stage & Session Support, Setup & Logistics, Technical Support;Yes;Yes;;;;;Yes;October 21 - Afternoon, October 20 - Evening (Hackathon or Setup), October 21 - Morning, October 22 - Morning (Breakdown), October 21 - Evening;;Yes;Yes;Yes;Yes;;Yes;2;Tectonic website;;;Yes
sub_0003;resp_0003;2026-08-21T00:00;Louise;Martens;https://www.linkedin.com/in/louise-martens-3;+32474905582;louise.martens3@example.com;;M;Lotte Verhoeven;+32487120868;I am interested in technology and would enjoy contributing to Tectonic.;No;;;Nope, I'm Joining Independently;;Runner & Flexible Support, Food & Drinks, Guest Flow & Stewarding;;;Yes;;Yes;Yes;;October 20 - Afternoon (Hackathon or Setup), October 20 - Morning (Hackathon or Setup), October 20 - Evening (Hackathon or Setup), October 21 - Morning, October 21 - Evening;Yes;Yes;;Yes;;Yes;Yes;3;LinkedIn;;;Yes
sub_0004;resp_0004;2026-08-21T05:00;Felix;Wouters;https://www.linkedin.com/in/felix-wouters-4;+32476440561;felix.wouters4@example.com;;M;Manon Janssens;+32486292423;I want to gain event experience and be part of the Tectonic community.;No;;;Nope, I'm Joining Independently;;Runner & Flexible Support, Stage & Session Support, Setup & Logistics, Technical Support, Guest Flow & Stewarding;Yes;Yes;Yes;;;Yes;Yes;October 21 - Morning, October 21 - Evening, October 20 - Afternoon (Hackathon or Setup), October 21 - Afternoon, October 22 - Morning (Breakdown);;Yes;Yes;Yes;Yes;Yes;;2;LinkedIn;;;Yes
sub_0005;resp_0005;2026-08-21T10:00;Bram;Vermeire;https://www.linkedin.com/in/bram-vermeire-5;+32478187926;bram.vermeire5@example.com;Gluten-free;M;Milan Goossens;+32483320821;I want to gain event experience and be part of the Tectonic community.;Yes;;;Yes;VTK Gent;Guest Flow & Stewarding, Technical Support, Info & Welcome, Food & Drinks, Stage & Session Support, Runner & Flexible Support;;Yes;Yes;Yes;Yes;Yes;Yes;October 21 - Morning, October 20 - Evening (Hackathon or Setup), October 22 - Morning (Breakdown);;Yes;;;Yes;;Yes;1;Friend;;;Yes
sub_0006;resp_0006;2026-08-21T15:00;Marie;Willems;https://www.linkedin.com/in/marie-willems-6;+32475476583;marie.willems6@example.com;Vegetarian;S;Victor Van Damme;+32483653446;I want to gain event experience and be part of the Tectonic community.;Yes;;;Nope, I'm Joining Independently;;Info & Welcome, Food & Drinks, Setup & Logistics, Stage & Session Support, Technical Support;Yes;Yes;;Yes;Yes;;Yes;October 21 - Evening, October 22 - Morning (Breakdown), October 21 - Afternoon, October 20 - Morning (Hackathon or Setup), October 20 - Afternoon (Hackathon or Setup);Yes;;Yes;Yes;Yes;Yes;;3;University;;;Yes
sub_0007;resp_0007;2026-08-21T20:00;Hanne;Willems;https://www.linkedin.com/in/hanne-willems-7;+32476438436;hanne.willems7@example.com;Vegan;S;Noah De Vos;+32486159230;I am interested in technology and would enjoy contributing to Tectonic.;Yes;;;Nope, I'm Joining Independently;;Setup & Logistics, Runner & Flexible Support, Guest Flow & Stewarding, Technical Support;Yes;Yes;Yes;;;Yes;;October 20 - Evening (Hackathon or Setup), October 21 - Morning, October 22 - Morning (Breakdown);;Yes;;;Yes;;Yes;2;University;;;Yes
sub_0008;resp_0008;2026-08-22T01:00;Louise;Maes;https://www.linkedin.com/in/louise-maes-8;+32476229731;louise.maes8@example.com;Vegan;L;Nina De Vos;+32488350099;I want to gain event experience and be part of the Tectonic community.;Yes;;;Nope, I'm Joining Independently;;Stage & Session Support, Setup & Logistics, Food & Drinks, Technical Support, Runner & Flexible Support;Yes;Yes;;;Yes;Yes;Yes;October 22 - Morning (Breakdown), October 21 - Morning, October 21 - Afternoon, October 21 - Evening, October 20 - Morning (Hackathon or Setup);Yes;Yes;Yes;Yes;Yes;;;2;LinkedIn;;;Yes
sub_0009;resp_0009;2026-08-22T06:00;Louise;Vermeulen;https://www.linkedin.com/in/louise-vermeulen-9;+32474841005;louise.vermeulen9@example.com;;S;Wout Vermeulen;+32482188789;I am interested in technology and would enjoy contributing to Tectonic.;No;;;Nope, I'm Joining Independently;;Food & Drinks;;;;;Yes;;;October 21 - Morning, October 20 - Morning (Hackathon or Setup), October 20 - Afternoon (Hackathon or Setup);Yes;Yes;;;;Yes;;No preference;LinkedIn;;;Yes
sub_0010;resp_0010;2026-08-22T11:00;Mathias;Mertens;https://www.linkedin.com/in/mathias-mertens-10;+32478835373;mathias.mertens10@example.com;;L;Nina Jacobs;+32482016911;I want to gain event experience and be part of the Tectonic community.;No;;;Yes;AIESEC Ghent;Food & Drinks, Stage & Session Support, Info & Welcome, Technical Support, Runner & Flexible Support;;Yes;;Yes;Yes;Yes;Yes;October 21 - Morning, October 20 - Morning (Hackathon or Setup), October 20 - Afternoon (Hackathon or Setup), October 21 - Evening, October 20 - Evening (Hackathon or Setup), October 21 - Afternoon;Yes;Yes;Yes;Yes;;Yes;Yes;2;LinkedIn;;;Yes
sub_0011;resp_0011;2026-08-22T16:00;Julie;Claes;https://www.linkedin.com/in/julie-claes-11;+32471247595;julie.claes11@example.com;;XL;Wout Goossens;+32483790237;I want to gain event experience and be part of the Tectonic community.;Yes;;;Nope, I'm Joining Independently;;Technical Support, Info & Welcome, Stage & Session Support, Guest Flow & Stewarding;;Yes;Yes;Yes;;;Yes;October 20 - Evening (Hackathon or Setup), October 20 - Morning (Hackathon or Setup), October 21 - Evening, October 20 - Afternoon (Hackathon or Setup);Yes;;;Yes;;Yes;Yes;No preference;LinkedIn;;;Yes
sub_0012;resp_0012;2026-08-22T21:00;Wout;Aerts;https://www.linkedin.com/in/wout-aerts-12;+32473597059;wout.aerts12@example.com;None;M;Julie Janssens;+32482022698;I volunteered at events before and would like to support the team.;Yes;;;Yes;Student Ghentrepreneur;Technical Support, Info & Welcome, Setup & Logistics, Runner & Flexible Support, Stage & Session Support, Guest Flow & Stewarding;Yes;Yes;Yes;Yes;;Yes;Yes;October 20 - Afternoon (Hackathon or Setup), October 20 - Evening (Hackathon or Setup), October 22 - Morning (Breakdown);;;;;Yes;Yes;Yes;1;University;;;Yes
sub_0013;resp_0013;2026-08-23T02:00;Louis;De Clercq;https://www.linkedin.com/in/louis-de-clercq-13;+32471666754;louis.declercq13@example.com;Gluten-free;S;Jules Vermeire;+32489770838;I volunteered at events before and would like to support the team.;No;;;Nope, I'm Joining Independently;;Food & Drinks, Technical Support, Setup & Logistics, Stage & Session Support, Info & Welcome, Guest Flow & Stewarding;Yes;Yes;Yes;Yes;Yes;;Yes;October 20 - Afternoon (Hackathon or Setup), October 21 - Morning, October 21 - Evening, October 20 - Morning (Hackathon or Setup), October 21 - Afternoon;Yes;Yes;Yes;Yes;;Yes;;2;Previous volunteer;;;Yes
sub_0014;resp_0014;2026-08-23T07:00;Sophie;Vermeulen;https://www.linkedin.com/in/sophie-vermeulen-14;+32472229110;sophie.vermeulen14@example.com;Gluten-free;M;Amelie Wouters;+32483222252;I volunteered at events before and would like to support the team.;Yes;;;Nope, I'm Joining Independently;;Info & Welcome, Technical Support, Guest Flow & Stewarding;;Yes;Yes;Yes;;;;October 20 - Evening (Hackathon or Setup), October 20 - Morning (Hackathon or Setup), October 20 - Afternoon (Hackathon or Setup), October 21 - Evening;Yes;;;Yes;;Yes;Yes;2;Student association;;;Yes
sub_0015;resp_0015;2026-08-23T12:00;Victor;Willems;https://www.linkedin.com/in/victor-willems-15;+32472737893;victor.willems15@example.com;None;M;Noah Jacobs;+32483607983;I volunteered at events before and would like to support the team.;No;;;Yes;VTK Gent;Food & Drinks, Runner & Flexible Support, Guest Flow & Stewarding;;;Yes;;Yes;Yes;;October 20 - Evening (Hackathon or Setup), October 20 - Afternoon (Hackathon or Setup), October 22 - Morning (Breakdown), October 20 - Morning (Hackathon or Setup), October 21 - Afternoon;Yes;;Yes;;Yes;Yes;Yes;2;Previous volunteer;;;Yes
sub_0016;resp_0016;2026-08-23T17:00;Camille;Claes;https://www.linkedin.com/in/camille-claes-16;+32475641923;camille.claes16@example.com;;S;Camille Mertens;+32485394880;I am interested in technology and would enjoy contributing to Tectonic.;Yes;;;Yes;AIESEC Ghent;Stage & Session Support, Guest Flow & Stewarding, Food & Drinks, Info & Welcome;;;Yes;Yes;Yes;;Yes;October 20 - Evening (Hackathon or Setup), October 20 - Morning (Hackathon or Setup), October 20 - Afternoon (Hackathon or Setup);Yes;;;;;Yes;Yes;4+;University;;;Yes
sub_0017;resp_0017;2026-08-23T22:00;Emma;Jacobs;https://www.linkedin.com/in/emma-jacobs-17;+32471701771;emma.jacobs17@example.com;Vegetarian;M;Lena Janssens;+32487003042;I am interested in technology and would enjoy contributing to Tectonic.;No;;;Nope, I'm Joining Independently;;Runner & Flexible Support, Technical Support;;Yes;;;;Yes;;October 20 - Evening (Hackathon or Setup), October 21 - Afternoon, October 22 - Morning (Breakdown), October 21 - Morning, October 21 - Evening;;Yes;Yes;Yes;Yes;;Yes;2;Student association;;;Yes
sub_0018;resp_0018;2026-08-24T03:00;Hanne;Martens;https://www.linkedin.com/in/hanne-martens-18;+32473670896;hanne.martens18@example.com;;M;Wout Janssens;+32488896868;I am interested in technology and would enjoy contributing to Tectonic.;No;;;Yes;VTK Gent;Info & Welcome, Food & Drinks, Technical Support, Runner & Flexible Support, Setup & Logistics, Guest Flow & Stewarding;Yes;Yes;Yes;Yes;Yes;Yes;;October 20 - Morning (Hackathon or Setup), October 21 - Morning, October 21 - Afternoon, October 21 - Evening, October 22 - Morning (Breakdown), October 20 - Evening (Hackathon or Setup);Yes;Yes;Yes;Yes;Yes;;Yes;No preference;Student association;;;Yes
sub_0019;resp_0019;2026-08-24T08:00;Victor;Goossens;https://www.linkedin.com/in/victor-goossens-19;+32479996207;victor.goossens19@example.com;Vegetarian;S;Noah Wouters;+32483995870;I volunteered at events before and would like to support the team.;Yes;;;Yes;AIESEC Ghent;Runner & Flexible Support, Technical Support, Info & Welcome;;Yes;;Yes;;Yes;;October 20 - Evening (Hackathon or Setup), October 20 - Morning (Hackathon or Setup), October 21 - Afternoon, October 22 - Morning (Breakdown);Yes;;Yes;;Yes;;Yes;2;University;;;Yes
sub_0020;resp_0020;2026-08-24T13:00;Jules;De Vos;https://www.linkedin.com/in/jules-de-vos-20;+32478235969;jules.devos20@example.com;;L;Bram Vermeulen;+32486266630;I would like to help make the event run smoothly and meet new people.;No;;;Yes;Ekonomika;Guest Flow & Stewarding, Info & Welcome, Food & Drinks, Setup & Logistics, Technical Support;Yes;Yes;Yes;Yes;Yes;;;October 21 - Morning, October 21 - Afternoon, October 20 - Morning (Hackathon or Setup), October 21 - Evening, October 22 - Morning (Breakdown), October 20 - Afternoon (Hackathon or Setup);Yes;Yes;Yes;Yes;Yes;Yes;;3;Previous volunteer;;;Yes
sub_0021;resp_0021;2026-08-24T18:00;Jules;Vermeulen;https://www.linkedin.com/in/jules-vermeulen-21;+32477812810;jules.vermeulen21@example.com;Gluten-free;XL;Emma De Smet;+32485813613;I am interested in technology and would enjoy contributing to Tectonic.;Yes;;;Yes;VTK Gent;Guest Flow & Stewarding, Food & Drinks, Technical Support;;Yes;Yes;;Yes;;;October 20 - Afternoon (Hackathon or Setup), October 21 - Evening, October 21 - Morning;;Yes;;Yes;;Yes;;3;Tectonic website;;;Yes
sub_0022;resp_0022;2026-08-24T23:00;Charlotte;Verhoeven;https://www.linkedin.com/in/charlotte-verhoeven-22;+32472566777;charlotte.verhoeven22@example.com;None;L;Victor Goossens;+32484340845;I am interested in technology and would enjoy contributing to Tectonic.;Yes;;;Yes;Ekonomika;Food & Drinks, Info & Welcome, Technical Support, Setup & Logistics;Yes;Yes;;Yes;Yes;;;October 20 - Afternoon (Hackathon or Setup), October 20 - Evening (Hackathon or Setup), October 22 - Morning (Breakdown);;;;;Yes;Yes;Yes;1;LinkedIn;;;Yes
sub_0023;resp_0023;2026-08-25T04:00;Louis;Baert;https://www.linkedin.com/in/louis-baert-23;+32472788238;louis.baert23@example.com;Vegan;M;Lucas De Clercq;+32488793853;I would like to help make the event run smoothly and meet new people.;No;;;Nope, I'm Joining Independently;;Setup & Logistics, Info & Welcome, Runner & Flexible Support, Technical Support, Guest Flow & Stewarding;Yes;Yes;Yes;Yes;;Yes;;October 21 - Evening, October 20 - Evening (Hackathon or Setup), October 21 - Morning, October 22 - Morning (Breakdown), October 21 - Afternoon;;Yes;Yes;Yes;Yes;;Yes;2;Tectonic website;;;Yes
sub_0024;resp_0024;2026-08-25T09:00;Marie;Verhoeven;https://www.linkedin.com/in/marie-verhoeven-24;+32478550917;marie.verhoeven24@example.com;Vegetarian;XL;Arthur Wouters;+32489745959;I want to gain event experience and be part of the Tectonic community.;No;;;Yes;Student Ghentrepreneur;Food & Drinks, Stage & Session Support, Guest Flow & Stewarding, Info & Welcome;;;Yes;Yes;Yes;;Yes;October 20 - Afternoon (Hackathon or Setup), October 22 - Morning (Breakdown), October 21 - Evening, October 20 - Evening (Hackathon or Setup), October 20 - Morning (Hackathon or Setup);Yes;;;Yes;Yes;Yes;Yes;3;Tectonic website;;;Yes
sub_0025;resp_0025;2026-08-25T14:00;Louise;De Smet;https://www.linkedin.com/in/louise-de-smet-25;+32473563646;louise.desmet25@example.com;None;S;Jules Van Damme;+32486551268;I want to gain event experience and be part of the Tectonic community.;Yes;;;Yes;AIESEC Ghent;Guest Flow & Stewarding, Stage & Session Support, Food & Drinks;;;Yes;;Yes;;Yes;October 21 - Morning, October 20 - Evening (Hackathon or Setup);;Yes;;;;;Yes;1;LinkedIn;;;Yes
sub_0026;resp_0026;2026-08-25T19:00;Manon;Van Damme;https://www.linkedin.com/in/manon-van-damme-26;+32477542890;manon.vandamme26@example.com;Vegan;L;Maxime Martens;+32484700025;I want to gain event experience and be part of the Tectonic community.;No;;;Yes;VTK Gent;Stage & Session Support, Food & Drinks, Setup & Logistics;Yes;;;;Yes;;Yes;October 20 - Evening (Hackathon or Setup), October 22 - Morning (Breakdown), October 21 - Evening, October 20 - Afternoon (Hackathon or Setup), October 20 - Morning (Hackathon or Setup), October 21 - Morning;Yes;Yes;;Yes;Yes;Yes;Yes;3;Tectonic website;;;Yes
sub_0027;resp_0027;2026-08-26T00:00;Louis;Peeters;https://www.linkedin.com/in/louis-peeters-27;+32472408404;louis.peeters27@example.com;Vegan;M;Wout Verhoeven;+32484048907;I would like to help make the event run smoothly and meet new people.;No;;;Nope, I'm Joining Independently;;Runner & Flexible Support, Stage & Session Support, Info & Welcome;;;;Yes;;Yes;Yes;October 20 - Evening (Hackathon or Setup), October 21 - Evening, October 21 - Morning, October 20 - Morning (Hackathon or Setup), October 22 - Morning (Breakdown);Yes;Yes;;Yes;Yes;;Yes;4+;Student association;;;Yes
sub_0028;resp_0028;2026-08-26T05:00;Julie;Verhoeven;https://www.linkedin.com/in/julie-verhoeven-28;+32471873851;julie.verhoeven28@example.com;Vegetarian;M;Nina Maes;+32481675419;I would like to help make the event run smoothly and meet new people.;No;;;Nope, I'm Joining Independently;;Stage & Session Support, Info & Welcome, Guest Flow & Stewarding;;;Yes;Yes;;;Yes;October 20 - Evening (Hackathon or Setup), October 21 - Evening, October 21 - Afternoon, October 20 - Morning (Hackathon or Setup), October 21 - Morning;Yes;Yes;Yes;Yes;;;Yes;2;Friend;;;Yes
sub_0029;resp_0029;2026-08-26T10:00;Thomas;Mertens;https://www.linkedin.com/in/thomas-mertens-29;+32473747534;thomas.mertens29@example.com;Vegetarian;S;Laura Peeters;+32486233774;I want to gain event experience and be part of the Tectonic community.;Yes;;;Nope, I'm Joining Independently;;Info & Welcome, Runner & Flexible Support, Setup & Logistics;Yes;;;Yes;;Yes;;October 21 - Morning, October 21 - Evening, October 21 - Afternoon, October 22 - Morning (Breakdown), October 20 - Morning (Hackathon or Setup);Yes;Yes;Yes;Yes;Yes;;;2;Friend;;;Yes
sub_0030;resp_0030;2026-08-26T15:00;Laura;Goossens;https://www.linkedin.com/in/laura-goossens-30;+32472156902;laura.goossens30@example.com;Gluten-free;L;Camille Peeters;+32488047416;I want to gain event experience and be part of the Tectonic community.;Yes;;;Yes;Ekonomika;Stage & Session Support, Guest Flow & Stewarding;;;Yes;;;;Yes;October 22 - Morning (Breakdown), October 20 - Morning (Hackathon or Setup), October 20 - Evening (Hackathon or Setup), October 20 - Afternoon (Hackathon or Setup), October 21 - Morning, October 21 - Afternoon;Yes;Yes;Yes;;Yes;Yes;Yes;4+;Student association;;;Yes
sub_0031;resp_0031;2026-08-26T20:00;Nina;Verhoeven;https://www.linkedin.com/in/nina-verhoeven-31;+32475118725;nina.verhoeven31@example.com;;M;Lena Verhoeven;+32485091349;I want to gain event experience and be part of the Tectonic community.;Yes;;;Yes;Ekonomika;Info & Welcome, Technical Support, Food & Drinks, Guest Flow & Stewarding, Stage & Session Support;;Yes;Yes;Yes;Yes;;Yes;October 22 - Morning (Breakdown), October 21 - Evening, October 20 - Afternoon (Hackathon or Setup), October 20 - Evening (Hackathon or Setup), October 21 - Afternoon, October 21 - Morning;;Yes;Yes;Yes;Yes;Yes;Yes;3;Friend;;;Yes
sub_0032;resp_0032;2026-08-27T01:00;Louis;Vermeulen;https://www.linkedin.com/in/louis-vermeulen-32;+32472436347;louis.vermeulen32@example.com;None;L;Jules Vandamme;+32485031966;I want to gain event experience and be part of the Tectonic community.;Yes;;;Nope, I'm Joining Independently;;Technical Support, Guest Flow & Stewarding, Runner & Flexible Support;;Yes;Yes;;;Yes;;October 22 - Morning (Breakdown), October 20 - Afternoon (Hackathon or Setup), October 21 - Afternoon, October 20 - Morning (Hackathon or Setup);Yes;;Yes;;Yes;Yes;;No preference;Friend;;;Yes
sub_0033;resp_0033;2026-08-27T06:00;Louise;De Smet;https://www.linkedin.com/in/louise-de-smet-33;+32476902401;louise.desmet33@example.com;Vegan;M;Victor Wouters;+32484867786;I would like to help make the event run smoothly and meet new people.;No;;;Yes;Ekonomika;Runner & Flexible Support, Technical Support, Guest Flow & Stewarding;;Yes;Yes;;;Yes;;October 21 - Afternoon, October 21 - Evening, October 22 - Morning (Breakdown), October 20 - Evening (Hackathon or Setup), October 21 - Morning;;Yes;Yes;Yes;Yes;;Yes;3;Friend;;;Yes
sub_0034;resp_0034;2026-08-27T11:00;Maxime;Martens;https://www.linkedin.com/in/maxime-martens-34;+32475970190;maxime.martens34@example.com;None;M;Lucas De Smet;+32481237370;I am interested in technology and would enjoy contributing to Tectonic.;No;;;Nope, I'm Joining Independently;;Runner & Flexible Support, Technical Support, Stage & Session Support, Food & Drinks, Guest Flow & Stewarding, Info & Welcome, Setup & Logistics;Yes;Yes;Yes;Yes;Yes;Yes;Yes;October 20 - Evening (Hackathon or Setup), October 22 - Morning (Breakdown), October 20 - Afternoon (Hackathon or Setup), October 21 - Afternoon, October 20 - Morning (Hackathon or Setup);Yes;;Yes;;Yes;Yes;Yes;1;Friend;;;Yes
sub_0035;resp_0035;2026-08-27T16:00;Mathias;De Smet;https://www.linkedin.com/in/mathias-de-smet-35;+32471861958;mathias.desmet35@example.com;Vegetarian;XL;Louis Jacobs;+32482096280;I want to gain event experience and be part of the Tectonic community.;Yes;;;Nope, I'm Joining Independently;;Technical Support, Runner & Flexible Support, Info & Welcome, Setup & Logistics;Yes;Yes;;Yes;;Yes;;October 22 - Morning (Breakdown), October 21 - Afternoon, October 21 - Evening, October 20 - Evening (Hackathon or Setup), October 21 - Morning, October 20 - Afternoon (Hackathon or Setup);;Yes;Yes;Yes;Yes;Yes;Yes;2;University;;;Yes
sub_0036;resp_0036;2026-08-27T21:00;Nina;Janssens;https://www.linkedin.com/in/nina-janssens-36;+32478427625;nina.janssens36@example.com;Vegetarian;XL;Laura Van Damme;+32486123430;I would like to help make the event run smoothly and meet new people.;Yes;;;Yes;Student Ghentrepreneur;Stage & Session Support, Food & Drinks;;;;;Yes;;Yes;October 20 - Morning (Hackathon or Setup), October 21 - Morning, October 20 - Evening (Hackathon or Setup), October 21 - Evening, October 21 - Afternoon, October 22 - Morning (Breakdown), October 20 - Afternoon (Hackathon or Setup);Yes;Yes;Yes;Yes;Yes;Yes;Yes;2;Previous volunteer;;;Yes
sub_0037;resp_0037;2026-08-28T02:00;Julie;Wouters;https://www.linkedin.com/in/julie-wouters-37;+32475886520;julie.wouters37@example.com;;M;Victor De Smet;+32488617381;I would like to help make the event run smoothly and meet new people.;No;;;Yes;Student Ghentrepreneur;Technical Support, Stage & Session Support, Runner & Flexible Support, Setup & Logistics;Yes;Yes;;;;Yes;Yes;October 21 - Evening, October 20 - Evening (Hackathon or Setup), October 22 - Morning (Breakdown);;;;Yes;Yes;;Yes;3;Previous volunteer;;;Yes
sub_0038;resp_0038;2026-08-28T07:00;Laura;Claes;https://www.linkedin.com/in/laura-claes-38;+32478367772;laura.claes38@example.com;;M;Sophie De Smet;+32487752972;I volunteered at events before and would like to support the team.;Yes;;;Yes;VTK Gent;Food & Drinks, Technical Support, Runner & Flexible Support;;Yes;;;Yes;Yes;;October 20 - Evening (Hackathon or Setup), October 21 - Morning, October 20 - Morning (Hackathon or Setup), October 22 - Morning (Breakdown), October 21 - Evening, October 20 - Afternoon (Hackathon or Setup);Yes;Yes;;Yes;Yes;Yes;Yes;No preference;Friend;;;Yes
sub_0039;resp_0039;2026-08-28T12:00;Thomas;Janssens;https://www.linkedin.com/in/thomas-janssens-39;+32475521644;thomas.janssens39@example.com;Gluten-free;S;Hanne Willems;+32488893693;I want to gain event experience and be part of the Tectonic community.;No;;;Nope, I'm Joining Independently;;Runner & Flexible Support, Guest Flow & Stewarding, Food & Drinks, Stage & Session Support, Setup & Logistics, Info & Welcome;Yes;;Yes;Yes;Yes;Yes;Yes;October 20 - Afternoon (Hackathon or Setup), October 22 - Morning (Breakdown), October 20 - Evening (Hackathon or Setup);;;;;Yes;Yes;Yes;2;University;;;Yes
sub_0040;resp_0040;2026-08-28T17:00;Jules;Vandamme;https://www.linkedin.com/in/jules-vandamme-40;+32478630712;jules.vandamme40@example.com;;M;Lotte Vermeulen;+32482944841;I want to gain event experience and be part of the Tectonic community.;Yes;;;Nope, I'm Joining Independently;;Info & Welcome, Guest Flow & Stewarding, Stage & Session Support, Runner & Flexible Support, Technical Support, Setup & Logistics, Food & Drinks;Yes;Yes;Yes;Yes;Yes;Yes;Yes;October 20 - Afternoon (Hackathon or Setup), October 21 - Evening, October 21 - Afternoon, October 20 - Evening (Hackathon or Setup);;;Yes;Yes;;Yes;Yes;No preference;Tectonic website;;;Yes
sub_0041;resp_0041;2026-08-28T22:00;Liam;Claes;https://www.linkedin.com/in/liam-claes-41;+32479132114;liam.claes41@example.com;;S;Nina Baert;+32485014745;I am interested in technology and would enjoy contributing to Tectonic.;No;;;Yes;Student Ghentrepreneur;Food & Drinks, Info & Welcome, Runner & Flexible Support, Setup & Logistics;Yes;;;Yes;Yes;Yes;;October 22 - Morning (Breakdown), October 21 - Morning, October 21 - Afternoon;;Yes;Yes;;Yes;;;1;University;;;Yes
sub_0042;resp_0042;2026-08-29T03:00;Jules;Maes;https://www.linkedin.com/in/jules-maes-42;+32478922533;jules.maes42@example.com;None;M;Mathias Mertens;+32487435505;I am interested in technology and would enjoy contributing to Tectonic.;No;;;Yes;Student Ghentrepreneur;Stage & Session Support, Setup & Logistics, Info & Welcome;Yes;;;Yes;;;Yes;October 20 - Afternoon (Hackathon or Setup), October 21 - Morning, October 21 - Evening, October 21 - Afternoon, October 22 - Morning (Breakdown), October 20 - Evening (Hackathon or Setup), October 20 - Morning (Hackathon or Setup);Yes;Yes;Yes;Yes;Yes;Yes;Yes;2;Student association;;;Yes
sub_0043;resp_0043;2026-08-29T08:00;Hanne;Van Damme;https://www.linkedin.com/in/hanne-van-damme-43;+32476790218;hanne.vandamme43@example.com;Vegetarian;L;Hanne Martens;+32487328534;I want to gain event experience and be part of the Tectonic community.;No;;;Yes;Student Ghentrepreneur;Stage & Session Support, Food & Drinks, Guest Flow & Stewarding;;;Yes;;Yes;;Yes;October 21 - Afternoon, October 20 - Afternoon (Hackathon or Setup), October 20 - Evening (Hackathon or Setup), October 21 - Evening, October 20 - Morning (Hackathon or Setup), October 21 - Morning;Yes;Yes;Yes;Yes;;Yes;Yes;2;Previous volunteer;;;Yes
sub_0044;resp_0044;2026-08-29T13:00;Arthur;Vermeire;https://www.linkedin.com/in/arthur-vermeire-44;+32479310235;arthur.vermeire44@example.com;;M;Amelie Vermeire;+32486569946;I would like to help make the event run smoothly and meet new people.;Yes;;;Nope, I'm Joining Independently;;Stage & Session Support, Info & Welcome, Setup & Logistics;Yes;;;Yes;;;Yes;October 21 - Evening, October 20 - Afternoon (Hackathon or Setup), October 20 - Evening (Hackathon or Setup), October 22 - Morning (Breakdown);;;;Yes;Yes;Yes;Yes;2;University;;;Yes
sub_0045;resp_0045;2026-08-29T18:00;Bram;Verhoeven;https://www.linkedin.com/in/bram-verhoeven-45;+32476680114;bram.verhoeven45@example.com;Gluten-free;L;Elise Maes;+32486512415;I want to gain event experience and be part of the Tectonic community.;No;;;Yes;VTK Gent;Technical Support;;Yes;;;;;;October 20 - Afternoon (Hackathon or Setup), October 21 - Morning, October 20 - Morning (Hackathon or Setup), October 21 - Evening;Yes;Yes;;Yes;;Yes;;No preference;University;;;Yes
sub_0046;resp_0046;2026-08-29T23:00;Liam;Baert;https://www.linkedin.com/in/liam-baert-46;+32476024207;liam.baert46@example.com;;S;Camille Janssens;+32485921894;I volunteered at events before and would like to support the team.;No;;;Nope, I'm Joining Independently;;Runner & Flexible Support, Stage & Session Support;;;;;;Yes;Yes;October 21 - Morning, October 20 - Afternoon (Hackathon or Setup), October 20 - Morning (Hackathon or Setup), October 21 - Evening, October 22 - Morning (Breakdown), October 21 - Afternoon, October 20 - Evening (Hackathon or Setup);Yes;Yes;Yes;Yes;Yes;Yes;Yes;4+;LinkedIn;;;Yes
sub_0047;resp_0047;2026-08-30T04:00;Arthur;De Clercq;https://www.linkedin.com/in/arthur-de-clercq-47;+32479349470;arthur.declercq47@example.com;Gluten-free;M;Arthur Verhoeven;+32485261032;I want to gain event experience and be part of the Tectonic community.;No;;;Nope, I'm Joining Independently;;Runner & Flexible Support, Technical Support, Stage & Session Support;;Yes;;;;Yes;Yes;October 22 - Morning (Breakdown), October 21 - Evening, October 20 - Evening (Hackathon or Setup);;;;Yes;Yes;;Yes;1;Tectonic website;;;Yes
sub_0048;resp_0048;2026-08-30T09:00;Lena;De Smet;https://www.linkedin.com/in/lena-de-smet-48;+32479106886;lena.desmet48@example.com;;M;Elise Vermeire;+32487022335;I volunteered at events before and would like to support the team.;No;;;Yes;AIESEC Ghent;Technical Support, Setup & Logistics, Info & Welcome, Guest Flow & Stewarding;Yes;Yes;Yes;Yes;;;;October 21 - Afternoon, October 20 - Afternoon (Hackathon or Setup), October 21 - Evening, October 20 - Evening (Hackathon or Setup), October 21 - Morning, October 22 - Morning (Breakdown), October 20 - Morning (Hackathon or Setup);Yes;Yes;Yes;Yes;Yes;Yes;Yes;1;Previous volunteer;;;Yes
sub_0049;resp_0049;2026-08-30T14:00;Elise;Wouters;https://www.linkedin.com/in/elise-wouters-49;+32476910964;elise.wouters49@example.com;None;L;Julie Baert;+32485204819;I am interested in technology and would enjoy contributing to Tectonic.;Yes;;;Nope, I'm Joining Independently;;Stage & Session Support;;;;;;;Yes;October 20 - Afternoon (Hackathon or Setup), October 20 - Morning (Hackathon or Setup), October 22 - Morning (Breakdown), October 21 - Evening, October 21 - Morning;Yes;Yes;;Yes;Yes;Yes;;1;Student association;;;Yes
sub_0050;resp_0050;2026-08-30T19:00;Seppe;Verhoeven;https://www.linkedin.com/in/seppe-verhoeven-50;+32473217273;seppe.verhoeven50@example.com;Gluten-free;M;Amelie De Clercq;+32485572250;I am interested in technology and would enjoy contributing to Tectonic.;No;;;Nope, I'm Joining Independently;;Guest Flow & Stewarding;;;Yes;;;;;October 20 - Morning (Hackathon or Setup), October 21 - Afternoon, October 20 - Afternoon (Hackathon or Setup), October 21 - Evening, October 20 - Evening (Hackathon or Setup);Yes;;Yes;Yes;;Yes;Yes;No preference;Student association;;;Yes
sub_0051;resp_0051;2026-08-31T00:00;Maxime;Vermeulen;https://www.linkedin.com/in/maxime-vermeulen-51;+32475436878;maxime.vermeulen51@example.com;Gluten-free;S;Charlotte De Vos;+32485398338;I want to gain event experience and be part of the Tectonic community.;No;;;Nope, I'm Joining Independently;;Info & Welcome, Setup & Logistics, Technical Support, Food & Drinks, Guest Flow & Stewarding;Yes;Yes;Yes;Yes;Yes;;;October 21 - Evening, October 22 - Morning (Breakdown), October 21 - Afternoon, October 20 - Morning (Hackathon or Setup), October 21 - Morning;Yes;Yes;Yes;Yes;Yes;;;2;Previous volunteer;;;Yes
sub_0052;resp_0052;2026-08-31T05:00;Arthur;Vandamme;https://www.linkedin.com/in/arthur-vandamme-52;+32477850067;arthur.vandamme52@example.com;;M;Liam Janssens;+32486106390;I want to gain event experience and be part of the Tectonic community.;Yes;;;Yes;VTK Gent;Food & Drinks;;;;;Yes;;;October 22 - Morning (Breakdown), October 21 - Morning, October 20 - Morning (Hackathon or Setup), October 21 - Evening;Yes;Yes;;Yes;Yes;;;2;LinkedIn;;;Yes
sub_0053;resp_0053;2026-08-31T10:00;Lena;Martens;https://www.linkedin.com/in/lena-martens-53;+32477960607;lena.martens53@example.com;;XL;Louis Baert;+32487847048;I volunteered at events before and would like to support the team.;Yes;;;Nope, I'm Joining Independently;;Info & Welcome, Guest Flow & Stewarding;;;Yes;Yes;;;;October 20 - Afternoon (Hackathon or Setup), October 20 - Evening (Hackathon or Setup), October 22 - Morning (Breakdown), October 21 - Evening, October 21 - Afternoon;;;Yes;Yes;Yes;Yes;Yes;3;LinkedIn;;;Yes
sub_0054;resp_0054;2026-08-31T15:00;Charlotte;Verhoeven;https://www.linkedin.com/in/charlotte-verhoeven-54;+32471358318;charlotte.verhoeven54@example.com;;XL;Camille Goossens;+32483112652;I am interested in technology and would enjoy contributing to Tectonic.;Yes;;;Nope, I'm Joining Independently;;Stage & Session Support, Guest Flow & Stewarding, Setup & Logistics, Runner & Flexible Support, Info & Welcome, Technical Support, Food & Drinks;Yes;Yes;Yes;Yes;Yes;Yes;Yes;October 21 - Morning, October 20 - Morning (Hackathon or Setup), October 21 - Evening, October 20 - Afternoon (Hackathon or Setup);Yes;Yes;;Yes;;Yes;;2;University;;;Yes
sub_0055;resp_0055;2026-08-31T20:00;Julie;Goossens;https://www.linkedin.com/in/julie-goossens-55;+32473927575;julie.goossens55@example.com;;L;Wout Peeters;+32483211291;I would like to help make the event run smoothly and meet new people.;No;;;Yes;VTK Gent;Technical Support, Food & Drinks, Setup & Logistics;Yes;Yes;;;Yes;;;October 21 - Morning, October 20 - Evening (Hackathon or Setup), October 22 - Morning (Breakdown);;Yes;;;Yes;;Yes;2;University;;;Yes
sub_0056;resp_0056;2026-09-01T01:00;Camille;Peeters;https://www.linkedin.com/in/camille-peeters-56;+32479610704;camille.peeters56@example.com;Gluten-free;S;Charlotte De Clercq;+32484716988;I would like to help make the event run smoothly and meet new people.;No;;;Yes;Ekonomika;Setup & Logistics, Technical Support;Yes;Yes;;;;;;October 22 - Morning (Breakdown), October 20 - Morning (Hackathon or Setup), October 20 - Afternoon (Hackathon or Setup), October 21 - Evening, October 21 - Morning;Yes;Yes;;Yes;Yes;Yes;;No preference;Previous volunteer;;;Yes
sub_0057;resp_0057;2026-09-01T06:00;Emma;Janssens;https://www.linkedin.com/in/emma-janssens-57;+32477390515;emma.janssens57@example.com;Gluten-free;L;Victor Verhoeven;+32489481739;I want to gain event experience and be part of the Tectonic community.;Yes;;;Yes;Ekonomika;Stage & Session Support, Info & Welcome, Runner & Flexible Support, Setup & Logistics, Technical Support, Guest Flow & Stewarding, Food & Drinks;Yes;Yes;Yes;Yes;Yes;Yes;Yes;October 21 - Afternoon, October 22 - Morning (Breakdown), October 21 - Morning, October 20 - Morning (Hackathon or Setup), October 21 - Evening, October 20 - Afternoon (Hackathon or Setup);Yes;Yes;Yes;Yes;Yes;Yes;;2;Previous volunteer;;;Yes
sub_0058;resp_0058;2026-09-01T11:00;Nina;Martens;https://www.linkedin.com/in/nina-martens-58;+32478159911;nina.martens58@example.com;Vegetarian;L;Lotte De Vos;+32483560856;I want to gain event experience and be part of the Tectonic community.;Yes;;;Yes;Ekonomika;Technical Support, Info & Welcome, Runner & Flexible Support, Stage & Session Support, Food & Drinks;;Yes;;Yes;Yes;Yes;Yes;October 21 - Evening, October 20 - Evening (Hackathon or Setup), October 20 - Afternoon (Hackathon or Setup), October 20 - Morning (Hackathon or Setup);Yes;;;Yes;;Yes;Yes;2;Friend;;;Yes
sub_0059;resp_0059;2026-09-01T16:00;Louise;Van Damme;https://www.linkedin.com/in/louise-van-damme-59;+32476932391;louise.vandamme59@example.com;Vegan;XL;Bram Janssens;+32485825620;I volunteered at events before and would like to support the team.;No;;;Yes;AIESEC Ghent;Runner & Flexible Support, Guest Flow & Stewarding;;;Yes;;;Yes;;October 22 - Morning (Breakdown), October 20 - Morning (Hackathon or Setup), October 20 - Evening (Hackathon or Setup), October 21 - Afternoon, October 21 - Evening, October 20 - Afternoon (Hackathon or Setup);Yes;;Yes;Yes;Yes;Yes;Yes;2;University;;;Yes
sub_0060;resp_0060;2026-09-01T21:00;Amelie;Claes;https://www.linkedin.com/in/amelie-claes-60;+32471440466;amelie.claes60@example.com;Gluten-free;L;Manon Wouters;+32481485753;I am interested in technology and would enjoy contributing to Tectonic.;No;;;Yes;AIESEC Ghent;Info & Welcome, Technical Support;;Yes;;Yes;;;;October 21 - Afternoon, October 22 - Morning (Breakdown), October 20 - Evening (Hackathon or Setup), October 20 - Morning (Hackathon or Setup), October 21 - Morning, October 21 - Evening;Yes;Yes;Yes;Yes;Yes;;Yes;3;Student association;;;Yes
sub_0061;resp_0061;2026-09-02T02:00;Milan;Peeters;https://www.linkedin.com/in/milan-peeters-61;+32472539438;milan.peeters61@example.com;Gluten-free;M;Elise Van Damme;+32488610913;I volunteered at events before and would like to support the team.;No;;;Nope, I'm Joining Independently;;Technical Support, Food & Drinks, Info & Welcome;;Yes;;Yes;Yes;;;October 20 - Afternoon (Hackathon or Setup), October 20 - Evening (Hackathon or Setup);;;;;;Yes;Yes;3;Student association;;;Yes
sub_0062;resp_0062;2026-09-02T07:00;Maxime;Vermeulen;https://www.linkedin.com/in/maxime-vermeulen-62;+32478434202;maxime.vermeulen62@example.com;Vegan;M;Thomas Verhoeven;+32487948850;I volunteered at events before and would like to support the team.;No;;;Yes;VTK Gent;Food & Drinks, Stage & Session Support, Setup & Logistics, Runner & Flexible Support, Info & Welcome;Yes;;;Yes;Yes;Yes;Yes;October 22 - Morning (Breakdown), October 20 - Morning (Hackathon or Setup), October 20 - Afternoon (Hackathon or Setup);Yes;;;;Yes;Yes;;2;Student association;;;Yes
sub_0063;resp_0063;2026-09-02T12:00;Jules;Jacobs;https://www.linkedin.com/in/jules-jacobs-63;+32471128967;jules.jacobs63@example.com;None;M;Julie Mertens;+32485286905;I volunteered at events before and would like to support the team.;No;;;Nope, I'm Joining Independently;;Runner & Flexible Support, Food & Drinks, Info & Welcome;;;;Yes;Yes;Yes;;October 21 - Afternoon, October 20 - Morning (Hackathon or Setup), October 21 - Morning, October 21 - Evening;Yes;Yes;Yes;Yes;;;;2;Friend;;;Yes
sub_0064;resp_0064;2026-09-02T17:00;Louis;Van Damme;https://www.linkedin.com/in/louis-van-damme-64;+32478318550;louis.vandamme64@example.com;;M;Bram Maes;+32486252285;I want to gain event experience and be part of the Tectonic community.;Yes;;;Nope, I'm Joining Independently;;Info & Welcome, Food & Drinks;;;;Yes;Yes;;;October 22 - Morning (Breakdown), October 20 - Evening (Hackathon or Setup), October 21 - Afternoon, October 20 - Morning (Hackathon or Setup), October 21 - Morning;Yes;Yes;Yes;;Yes;;Yes;4+;Student association;;;Yes
sub_0065;resp_0065;2026-09-02T22:00;Noah;Aerts;https://www.linkedin.com/in/noah-aerts-65;+32478326807;noah.aerts65@example.com;;M;Jules Vermeire;+32487718433;I would like to help make the event run smoothly and meet new people.;Yes;;;Nope, I'm Joining Independently;;Guest Flow & Stewarding;;;Yes;;;;;October 22 - Morning (Breakdown), October 21 - Evening, October 21 - Afternoon;;;Yes;Yes;Yes;;;3;Previous volunteer;;;Yes
sub_0066;resp_0066;2026-09-03T03:00;Camille;Goossens;https://www.linkedin.com/in/camille-goossens-66;+32474963933;camille.goossens66@example.com;;M;Lotte Claes;+32483910830;I am interested in technology and would enjoy contributing to Tectonic.;Yes;;;Nope, I'm Joining Independently;;Technical Support, Setup & Logistics, Food & Drinks;Yes;Yes;;;Yes;;;October 22 - Morning (Breakdown), October 20 - Evening (Hackathon or Setup), October 21 - Morning, October 21 - Afternoon, October 20 - Afternoon (Hackathon or Setup);;Yes;Yes;;Yes;Yes;Yes;2;Previous volunteer;;;Yes
sub_0067;resp_0067;2026-09-03T08:00;Louis;Verhoeven;https://www.linkedin.com/in/louis-verhoeven-67;+32475608259;louis.verhoeven67@example.com;Gluten-free;S;Milan De Clercq;+32482244712;I volunteered at events before and would like to support the team.;Yes;;;Yes;VTK Gent;Stage & Session Support, Food & Drinks, Info & Welcome, Guest Flow & Stewarding, Runner & Flexible Support;;;Yes;Yes;Yes;Yes;Yes;October 21 - Evening, October 20 - Morning (Hackathon or Setup), October 20 - Evening (Hackathon or Setup), October 22 - Morning (Breakdown);Yes;;;Yes;Yes;;Yes;No preference;Friend;;;Yes
sub_0068;resp_0068;2026-09-03T13:00;Liam;De Vos;https://www.linkedin.com/in/liam-de-vos-68;+32476394323;liam.devos68@example.com;Gluten-free;M;Amelie Mertens;+32482038068;I want to gain event experience and be part of the Tectonic community.;Yes;;;Nope, I'm Joining Independently;;Setup & Logistics, Runner & Flexible Support, Stage & Session Support, Info & Welcome, Technical Support;Yes;Yes;;Yes;;Yes;Yes;October 20 - Evening (Hackathon or Setup), October 20 - Afternoon (Hackathon or Setup), October 20 - Morning (Hackathon or Setup), October 21 - Evening, October 21 - Afternoon;Yes;;Yes;Yes;;Yes;Yes;3;Previous volunteer;;;Yes
sub_0069;resp_0069;2026-09-03T18:00;Louise;De Clercq;https://www.linkedin.com/in/louise-de-clercq-69;+32477499771;louise.declercq69@example.com;Vegan;XL;Camille Baert;+32481878547;I volunteered at events before and would like to support the team.;Yes;;;Yes;VTK Gent;Setup & Logistics, Technical Support, Info & Welcome, Food & Drinks;Yes;Yes;;Yes;Yes;;;October 22 - Morning (Breakdown), October 21 - Morning, October 21 - Afternoon, October 20 - Evening (Hackathon or Setup);;Yes;Yes;;Yes;;Yes;3;Friend;;;Yes
sub_0070;resp_0070;2026-09-03T23:00;Mathias;Aerts;https://www.linkedin.com/in/mathias-aerts-70;+32473163449;mathias.aerts70@example.com;Gluten-free;L;Louise De Smet;+32487319630;I volunteered at events before and would like to support the team.;No;;;Yes;AIESEC Ghent;Runner & Flexible Support, Stage & Session Support, Food & Drinks;;;;;Yes;Yes;Yes;October 21 - Afternoon, October 20 - Morning (Hackathon or Setup), October 22 - Morning (Breakdown), October 21 - Morning, October 21 - Evening, October 20 - Evening (Hackathon or Setup);Yes;Yes;Yes;Yes;Yes;;Yes;2;Previous volunteer;;;Yes
sub_0071;resp_0071;2026-09-04T04:00;Felix;Van Damme;https://www.linkedin.com/in/felix-van-damme-71;+32472696860;felix.vandamme71@example.com;Gluten-free;XL;Mathias De Clercq;+32481633297;I volunteered at events before and would like to support the team.;No;;;Yes;VTK Gent;Setup & Logistics, Guest Flow & Stewarding, Runner & Flexible Support, Technical Support;Yes;Yes;Yes;;;Yes;;October 21 - Afternoon, October 21 - Evening, October 21 - Morning, October 22 - Morning (Breakdown), October 20 - Morning (Hackathon or Setup), October 20 - Evening (Hackathon or Setup), October 20 - Afternoon (Hackathon or Setup);Yes;Yes;Yes;Yes;Yes;Yes;Yes;4+;LinkedIn;;;Yes
sub_0072;resp_0072;2026-09-04T09:00;Lucas;Willems;https://www.linkedin.com/in/lucas-willems-72;+32478531761;lucas.willems72@example.com;None;L;Arthur De Smet;+32488868776;I am interested in technology and would enjoy contributing to Tectonic.;No;;;Yes;VTK Gent;Stage & Session Support, Food & Drinks, Technical Support, Info & Welcome, Setup & Logistics;Yes;Yes;;Yes;Yes;;Yes;October 20 - Afternoon (Hackathon or Setup), October 20 - Evening (Hackathon or Setup), October 21 - Morning, October 21 - Evening;;Yes;;Yes;;Yes;Yes;No preference;Tectonic website;;;Yes
sub_0073;resp_0073;2026-09-04T14:00;Hanne;De Smet;https://www.linkedin.com/in/hanne-de-smet-73;+32475782563;hanne.desmet73@example.com;;XL;Lucas Wouters;+32488538325;I am interested in technology and would enjoy contributing to Tectonic.;Yes;;;Nope, I'm Joining Independently;;Food & Drinks, Stage & Session Support, Info & Welcome, Technical Support, Setup & Logistics;Yes;Yes;;Yes;Yes;;Yes;October 21 - Morning, October 21 - Afternoon, October 20 - Morning (Hackathon or Setup), October 21 - Evening, October 20 - Evening (Hackathon or Setup), October 22 - Morning (Breakdown);Yes;Yes;Yes;Yes;Yes;;Yes;2;LinkedIn;;;Yes
sub_0074;resp_0074;2026-09-04T19:00;Manon;Verhoeven;https://www.linkedin.com/in/manon-verhoeven-74;+32476346644;manon.verhoeven74@example.com;;XL;Sophie Vermeulen;+32483450300;I am interested in technology and would enjoy contributing to Tectonic.;Yes;;;Nope, I'm Joining Independently;;Setup & Logistics, Info & Welcome, Stage & Session Support, Runner & Flexible Support, Guest Flow & Stewarding, Technical Support;Yes;Yes;Yes;Yes;;Yes;Yes;October 20 - Morning (Hackathon or Setup), October 21 - Afternoon, October 21 - Morning;Yes;Yes;Yes;;;;;3;Tectonic website;;;Yes
sub_0075;resp_0075;2026-09-05T00:00;Sophie;Mertens;https://www.linkedin.com/in/sophie-mertens-75;+32479854536;sophie.mertens75@example.com;Vegan;S;Hanne De Smet;+32484986941;I volunteered at events before and would like to support the team.;Yes;;;Nope, I'm Joining Independently;;Info & Welcome, Stage & Session Support, Food & Drinks, Setup & Logistics, Runner & Flexible Support;Yes;;;Yes;Yes;Yes;Yes;October 21 - Morning;;Yes;;;;;;1;LinkedIn;;;Yes
sub_0076;resp_0076;2026-09-05T05:00;Jules;Baert;https://www.linkedin.com/in/jules-baert-76;+32476919270;jules.baert76@example.com;None;L;Jules Willems;+32482436363;I volunteered at events before and would like to support the team.;Yes;;;Nope, I'm Joining Independently;;Setup & Logistics, Info & Welcome, Food & Drinks, Stage & Session Support;Yes;;;Yes;Yes;;Yes;October 22 - Morning (Breakdown), October 21 - Morning, October 20 - Afternoon (Hackathon or Setup), October 21 - Afternoon, October 20 - Evening (Hackathon or Setup);;Yes;Yes;;Yes;Yes;Yes;1;Tectonic website;;;Yes
sub_0077;resp_0077;2026-09-05T10:00;Wout;Vandamme;https://www.linkedin.com/in/wout-vandamme-77;+32475045421;wout.vandamme77@example.com;;XL;Laura Vermeulen;+32483238241;I would like to help make the event run smoothly and meet new people.;No;;;Yes;Ekonomika;Info & Welcome, Guest Flow & Stewarding;;;Yes;Yes;;;;October 20 - Morning (Hackathon or Setup), October 21 - Afternoon, October 20 - Evening (Hackathon or Setup);Yes;;Yes;;;;Yes;3;Previous volunteer;;;Yes
sub_0078;resp_0078;2026-09-05T15:00;Lucas;Verhoeven;https://www.linkedin.com/in/lucas-verhoeven-78;+32479646701;lucas.verhoeven78@example.com;Vegan;XL;Mathias Vandamme;+32485249899;I would like to help make the event run smoothly and meet new people.;No;;;Yes;VTK Gent;Info & Welcome, Runner & Flexible Support, Technical Support, Food & Drinks, Setup & Logistics, Stage & Session Support, Guest Flow & Stewarding;Yes;Yes;Yes;Yes;Yes;Yes;Yes;October 20 - Morning (Hackathon or Setup), October 21 - Morning, October 20 - Evening (Hackathon or Setup), October 21 - Afternoon;Yes;Yes;Yes;;;;Yes;3;Student association;;;Yes
sub_0079;resp_0079;2026-09-05T20:00;Wout;Janssens;https://www.linkedin.com/in/wout-janssens-79;+32477163058;wout.janssens79@example.com;Gluten-free;M;Seppe Maes;+32488121922;I would like to help make the event run smoothly and meet new people.;Yes;;;Yes;Student Ghentrepreneur;Guest Flow & Stewarding, Stage & Session Support, Setup & Logistics, Runner & Flexible Support, Technical Support, Info & Welcome;Yes;Yes;Yes;Yes;;Yes;Yes;October 21 - Evening, October 21 - Afternoon, October 21 - Morning, October 20 - Evening (Hackathon or Setup), October 20 - Afternoon (Hackathon or Setup);;Yes;Yes;Yes;;Yes;Yes;2;University;;;Yes
sub_0080;resp_0080;2026-09-06T01:00;Victor;Vermeulen;https://www.linkedin.com/in/victor-vermeulen-80;+32476897979;victor.vermeulen80@example.com;Vegan;S;Maxime De Vos;+32488297090;I volunteered at events before and would like to support the team.;Yes;;;Yes;Student Ghentrepreneur;Guest Flow & Stewarding, Runner & Flexible Support;;;Yes;;;Yes;;October 21 - Evening, October 22 - Morning (Breakdown), October 20 - Evening (Hackathon or Setup), October 21 - Morning;;Yes;;Yes;Yes;;Yes;2;Previous volunteer;;;Yes
sub_0081;resp_0081;2026-09-06T06:00;Nina;Aerts;https://www.linkedin.com/in/nina-aerts-81;+32477075878;nina.aerts81@example.com;Vegan;L;Liam Baert;+32483574265;I want to gain event experience and be part of the Tectonic community.;No;;;Yes;Ekonomika;Stage & Session Support, Runner & Flexible Support, Technical Support;;Yes;;;;Yes;Yes;October 21 - Morning, October 22 - Morning (Breakdown), October 21 - Evening, October 20 - Morning (Hackathon or Setup), October 20 - Afternoon (Hackathon or Setup), October 21 - Afternoon, October 20 - Evening (Hackathon or Setup);Yes;Yes;Yes;Yes;Yes;Yes;Yes;3;Tectonic website;;;Yes
sub_0082;resp_0082;2026-09-06T11:00;Hanne;Maes;https://www.linkedin.com/in/hanne-maes-82;+32472975701;hanne.maes82@example.com;Vegetarian;XL;Lotte Verhoeven;+32484599894;I volunteered at events before and would like to support the team.;Yes;;;Yes;AIESEC Ghent;Food & Drinks, Guest Flow & Stewarding, Info & Welcome, Runner & Flexible Support;;;Yes;Yes;Yes;Yes;;October 21 - Morning, October 20 - Morning (Hackathon or Setup), October 20 - Afternoon (Hackathon or Setup), October 20 - Evening (Hackathon or Setup), October 21 - Evening;Yes;Yes;;Yes;;Yes;Yes;2;Friend;;;Yes
sub_0083;resp_0083;2026-09-06T16:00;Marie;Maes;https://www.linkedin.com/in/marie-maes-83;+32473920762;marie.maes83@example.com;Vegetarian;L;Arthur Jacobs;+32484371891;I am interested in technology and would enjoy contributing to Tectonic.;No;;;Nope, I'm Joining Independently;;Runner & Flexible Support, Info & Welcome, Setup & Logistics, Guest Flow & Stewarding;Yes;;Yes;Yes;;Yes;;October 20 - Afternoon (Hackathon or Setup), October 20 - Morning (Hackathon or Setup), October 22 - Morning (Breakdown), October 21 - Afternoon, October 21 - Morning;Yes;Yes;Yes;;Yes;Yes;;No preference;Friend;;;Yes
sub_0084;resp_0084;2026-09-06T21:00;Milan;Martens;https://www.linkedin.com/in/milan-martens-84;+32479819709;milan.martens84@example.com;Vegan;XL;Jules Vermeire;+32482237331;I am interested in technology and would enjoy contributing to Tectonic.;No;;;Yes;Student Ghentrepreneur;Info & Welcome, Food & Drinks, Technical Support, Setup & Logistics;Yes;Yes;;Yes;Yes;;;October 21 - Evening, October 20 - Afternoon (Hackathon or Setup);;;;Yes;;Yes;;2;Tectonic website;;;Yes
sub_0085;resp_0085;2026-09-07T02:00;Charlotte;De Clercq;https://www.linkedin.com/in/charlotte-de-clercq-85;+32473083077;charlotte.declercq85@example.com;Gluten-free;M;Victor Willems;+32483717354;I volunteered at events before and would like to support the team.;No;;;Nope, I'm Joining Independently;;Stage & Session Support, Food & Drinks, Runner & Flexible Support;;;;;Yes;Yes;Yes;October 21 - Morning, October 21 - Evening, October 22 - Morning (Breakdown);;Yes;;Yes;Yes;;;3;University;;;Yes
sub_0086;resp_0086;2026-09-07T07:00;Lena;De Smet;https://www.linkedin.com/in/lena-de-smet-86;+32473872269;lena.desmet86@example.com;Gluten-free;L;Lena Baert;+32486664316;I would like to help make the event run smoothly and meet new people.;Yes;;;Nope, I'm Joining Independently;;Guest Flow & Stewarding, Technical Support, Food & Drinks, Stage & Session Support, Setup & Logistics;Yes;Yes;Yes;;Yes;;Yes;October 22 - Morning (Breakdown), October 20 - Evening (Hackathon or Setup), October 20 - Morning (Hackathon or Setup), October 21 - Morning, October 21 - Afternoon;Yes;Yes;Yes;;Yes;;Yes;2;Friend;;;Yes
sub_0087;resp_0087;2026-09-07T12:00;Nina;Vermeire;https://www.linkedin.com/in/nina-vermeire-87;+32479102469;nina.vermeire87@example.com;None;XL;Seppe Aerts;+32485990112;I want to gain event experience and be part of the Tectonic community.;Yes;;;Yes;VTK Gent;Technical Support, Food & Drinks, Info & Welcome;;Yes;;Yes;Yes;;;October 20 - Morning (Hackathon or Setup), October 21 - Evening, October 22 - Morning (Breakdown), October 21 - Afternoon, October 20 - Afternoon (Hackathon or Setup);Yes;;Yes;Yes;Yes;Yes;;1;LinkedIn;;;Yes
sub_0088;resp_0088;2026-09-07T17:00;Charlotte;Van Damme;https://www.linkedin.com/in/charlotte-van-damme-88;+32477216632;charlotte.vandamme88@example.com;Gluten-free;L;Noah Vermeulen;+32485055688;I want to gain event experience and be part of the Tectonic community.;Yes;;;Nope, I'm Joining Independently;;Technical Support, Guest Flow & Stewarding, Food & Drinks, Stage & Session Support;;Yes;Yes;;Yes;;Yes;October 20 - Afternoon (Hackathon or Setup), October 21 - Afternoon, October 20 - Evening (Hackathon or Setup), October 21 - Evening;;;Yes;Yes;;Yes;Yes;3;Tectonic website;;;Yes
sub_0089;resp_0089;2026-09-07T22:00;Arthur;Mertens;https://www.linkedin.com/in/arthur-mertens-89;+32473673322;arthur.mertens89@example.com;Vegan;L;Charlotte Vandamme;+32486176450;I want to gain event experience and be part of the Tectonic community.;Yes;;;Nope, I'm Joining Independently;;Guest Flow & Stewarding, Info & Welcome;;;Yes;Yes;;;;October 21 - Evening, October 21 - Morning, October 20 - Afternoon (Hackathon or Setup), October 21 - Afternoon, October 20 - Evening (Hackathon or Setup), October 22 - Morning (Breakdown);;Yes;Yes;Yes;Yes;Yes;Yes;2;Tectonic website;;;Yes
sub_0090;resp_0090;2026-09-08T03:00;Amelie;Verhoeven;https://www.linkedin.com/in/amelie-verhoeven-90;+32472803501;amelie.verhoeven90@example.com;Vegan;M;Lena Wouters;+32487136730;I want to gain event experience and be part of the Tectonic community.;No;;;Nope, I'm Joining Independently;;Technical Support, Food & Drinks, Guest Flow & Stewarding, Setup & Logistics, Info & Welcome, Stage & Session Support, Runner & Flexible Support;Yes;Yes;Yes;Yes;Yes;Yes;Yes;October 20 - Evening (Hackathon or Setup), October 20 - Afternoon (Hackathon or Setup), October 21 - Evening, October 21 - Afternoon, October 22 - Morning (Breakdown);;;Yes;Yes;Yes;Yes;Yes;1;Tectonic website;;;Yes
sub_0091;resp_0091;2026-09-08T08:00;Liam;Vermeire;https://www.linkedin.com/in/liam-vermeire-91;+32472622046;liam.vermeire91@example.com;Vegan;M;Seppe Vermeulen;+32487133857;I am interested in technology and would enjoy contributing to Tectonic.;No;;;Nope, I'm Joining Independently;;Guest Flow & Stewarding, Food & Drinks, Stage & Session Support, Setup & Logistics;Yes;;Yes;;Yes;;Yes;October 21 - Evening, October 22 - Morning (Breakdown), October 21 - Afternoon, October 20 - Morning (Hackathon or Setup);Yes;;Yes;Yes;Yes;;;4+;University;;;Yes
sub_0092;resp_0092;2026-09-08T13:00;Liam;Janssens;https://www.linkedin.com/in/liam-janssens-92;+32476502353;liam.janssens92@example.com;Gluten-free;M;Lucas Aerts;+32486020319;I volunteered at events before and would like to support the team.;Yes;;;Nope, I'm Joining Independently;;Runner & Flexible Support;;;;;;Yes;;October 21 - Evening, October 22 - Morning (Breakdown), October 20 - Evening (Hackathon or Setup), October 21 - Morning;;Yes;;Yes;Yes;;Yes;3;Tectonic website;;;Yes
sub_0093;resp_0093;2026-09-08T18:00;Manon;Peeters;https://www.linkedin.com/in/manon-peeters-93;+32471861596;manon.peeters93@example.com;Gluten-free;M;Lucas De Clercq;+32487378535;I am interested in technology and would enjoy contributing to Tectonic.;No;;;Nope, I'm Joining Independently;;Runner & Flexible Support, Setup & Logistics, Info & Welcome;Yes;;;Yes;;Yes;;October 20 - Evening (Hackathon or Setup), October 20 - Afternoon (Hackathon or Setup), October 20 - Morning (Hackathon or Setup), October 21 - Evening, October 21 - Morning;Yes;Yes;;Yes;;Yes;Yes;1;University;;;Yes
sub_0094;resp_0094;2026-09-08T23:00;Sophie;Jacobs;https://www.linkedin.com/in/sophie-jacobs-94;+32472044906;sophie.jacobs94@example.com;None;L;Julie Martens;+32486453426;I want to gain event experience and be part of the Tectonic community.;Yes;;;Yes;Student Ghentrepreneur;Info & Welcome, Guest Flow & Stewarding, Stage & Session Support;;;Yes;Yes;;;Yes;October 20 - Afternoon (Hackathon or Setup), October 21 - Morning, October 21 - Evening;;Yes;;Yes;;Yes;;3;LinkedIn;;;Yes
sub_0095;resp_0095;2026-09-09T04:00;Charlotte;Martens;https://www.linkedin.com/in/charlotte-martens-95;+32475848684;charlotte.martens95@example.com;None;L;Sophie Vandamme;+32486319061;I want to gain event experience and be part of the Tectonic community.;No;;;Yes;VTK Gent;Guest Flow & Stewarding, Runner & Flexible Support, Stage & Session Support;;;Yes;;;Yes;Yes;October 21 - Morning, October 20 - Evening (Hackathon or Setup), October 21 - Afternoon, October 22 - Morning (Breakdown), October 20 - Morning (Hackathon or Setup);Yes;Yes;Yes;;Yes;;Yes;3;Student association;;;Yes
sub_0096;resp_0096;2026-09-09T09:00;Noah;Vermeire;https://www.linkedin.com/in/noah-vermeire-96;+32475302415;noah.vermeire96@example.com;Vegan;M;Julie Martens;+32485548852;I volunteered at events before and would like to support the team.;No;;;Yes;Student Ghentrepreneur;Info & Welcome, Stage & Session Support, Guest Flow & Stewarding, Technical Support;;Yes;Yes;Yes;;;Yes;October 21 - Afternoon, October 20 - Afternoon (Hackathon or Setup), October 20 - Morning (Hackathon or Setup), October 20 - Evening (Hackathon or Setup);Yes;;Yes;;;Yes;Yes;2;University;;;Yes
sub_0097;resp_0097;2026-09-09T14:00;Maxime;Vermeire;https://www.linkedin.com/in/maxime-vermeire-97;+32476541407;maxime.vermeire97@example.com;Vegan;S;Felix Mertens;+32481086930;I am interested in technology and would enjoy contributing to Tectonic.;Yes;;;Yes;AIESEC Ghent;Setup & Logistics, Runner & Flexible Support, Food & Drinks;Yes;;;;Yes;Yes;;October 21 - Morning, October 20 - Morning (Hackathon or Setup), October 20 - Afternoon (Hackathon or Setup);Yes;Yes;;;;Yes;;No preference;Tectonic website;;;Yes
sub_0098;resp_0098;2026-09-09T19:00;Nina;Claes;https://www.linkedin.com/in/nina-claes-98;+32471609681;nina.claes98@example.com;Vegan;XL;Louis Willems;+32485856449;I would like to help make the event run smoothly and meet new people.;Yes;;;Nope, I'm Joining Independently;;Guest Flow & Stewarding, Stage & Session Support, Runner & Flexible Support, Setup & Logistics, Info & Welcome;Yes;;Yes;Yes;;Yes;Yes;October 21 - Morning, October 22 - Morning (Breakdown), October 20 - Morning (Hackathon or Setup), October 20 - Evening (Hackathon or Setup), October 21 - Evening;Yes;Yes;;Yes;Yes;;Yes;3;University;;;Yes
sub_0099;resp_0099;2026-09-10T00:00;Thomas;Jacobs;https://www.linkedin.com/in/thomas-jacobs-99;+32478699307;thomas.jacobs99@example.com;Vegetarian;L;Lucas Peeters;+32486655803;I volunteered at events before and would like to support the team.;No;;;Nope, I'm Joining Independently;;Guest Flow & Stewarding, Stage & Session Support, Info & Welcome, Food & Drinks, Setup & Logistics, Technical Support;Yes;Yes;Yes;Yes;Yes;;Yes;October 20 - Evening (Hackathon or Setup), October 20 - Morning (Hackathon or Setup), October 21 - Afternoon;Yes;;Yes;;;;Yes;2;University;;;Yes
sub_0100;resp_0100;2026-09-10T05:00;Wout;Aerts;https://www.linkedin.com/in/wout-aerts-100;+32475161539;wout.aerts100@example.com;;M;Elise Goossens;+32488494978;I volunteered at events before and would like to support the team.;No;;;Yes;Ekonomika;Food & Drinks, Guest Flow & Stewarding, Setup & Logistics, Info & Welcome, Runner & Flexible Support;Yes;;Yes;Yes;Yes;Yes;;October 21 - Morning, October 21 - Evening;;Yes;;Yes;;;;3;University;;;Yes
sub_0101;resp_0101;2026-09-10T10:00;Maxime;Vermeire;https://www.linkedin.com/in/maxime-vermeire-101;+32473679603;maxime.vermeire101@example.com;Vegan;L;Amelie De Smet;+32482969909;I volunteered at events before and would like to support the team.;No;;;Yes;VTK Gent;Runner & Flexible Support;;;;;;Yes;;October 21 - Morning, October 20 - Morning (Hackathon or Setup), October 20 - Afternoon (Hackathon or Setup), October 21 - Evening;Yes;Yes;;Yes;;Yes;;2;LinkedIn;;;Yes
sub_0102;resp_0102;2026-09-10T15:00;Marie;Vandamme;https://www.linkedin.com/in/marie-vandamme-102;+32472373555;marie.vandamme102@example.com;Gluten-free;M;Amelie De Vos;+32482310346;I would like to help make the event run smoothly and meet new people.;Yes;;;Nope, I'm Joining Independently;;Runner & Flexible Support, Food & Drinks;;;;;Yes;Yes;;October 20 - Afternoon (Hackathon or Setup), October 22 - Morning (Breakdown), October 21 - Evening, October 21 - Morning;;Yes;;Yes;Yes;Yes;;2;University;;;Yes
sub_0103;resp_0103;2026-09-10T20:00;Mathias;Mertens;https://www.linkedin.com/in/mathias-mertens-103;+32479562677;mathias.mertens103@example.com;Vegan;XL;Liam Verhoeven;+32483213658;I want to gain event experience and be part of the Tectonic community.;Yes;;;Nope, I'm Joining Independently;;Stage & Session Support, Food & Drinks;;;;;Yes;;Yes;October 20 - Afternoon (Hackathon or Setup), October 21 - Morning, October 22 - Morning (Breakdown), October 21 - Evening;;Yes;;Yes;Yes;Yes;;1;University;;;Yes
sub_0104;resp_0104;2026-09-11T01:00;Charlotte;De Smet;https://www.linkedin.com/in/charlotte-de-smet-104;+32472010921;charlotte.desmet104@example.com;;M;Liam De Smet;+32487859648;I am interested in technology and would enjoy contributing to Tectonic.;No;;;Nope, I'm Joining Independently;;Info & Welcome, Guest Flow & Stewarding, Setup & Logistics, Technical Support, Runner & Flexible Support;Yes;Yes;Yes;Yes;;Yes;;October 21 - Evening, October 21 - Afternoon;;;Yes;Yes;;;;4+;Student association;;;Yes
sub_0105;resp_0105;2026-09-11T06:00;Lena;Aerts;https://www.linkedin.com/in/lena-aerts-105;+32477594429;lena.aerts105@example.com;Gluten-free;M;Maxime Goossens;+32481058272;I would like to help make the event run smoothly and meet new people.;No;;;Nope, I'm Joining Independently;;Info & Welcome, Stage & Session Support, Setup & Logistics;Yes;;;Yes;;;Yes;October 20 - Afternoon (Hackathon or Setup), October 22 - Morning (Breakdown), October 21 - Morning, October 21 - Afternoon, October 20 - Morning (Hackathon or Setup);Yes;Yes;Yes;;Yes;Yes;;No preference;Previous volunteer;;;Yes
sub_0106;resp_0106;2026-09-11T11:00;Maxime;Martens;https://www.linkedin.com/in/maxime-martens-106;+32478033690;maxime.martens106@example.com;Gluten-free;XL;Bram Peeters;+32485037710;I am interested in technology and would enjoy contributing to Tectonic.;Yes;;;Nope, I'm Joining Independently;;Info & Welcome, Technical Support, Runner & Flexible Support;;Yes;;Yes;;Yes;;October 21 - Morning, October 21 - Afternoon, October 20 - Evening (Hackathon or Setup), October 20 - Morning (Hackathon or Setup);Yes;Yes;Yes;;;;Yes;2;University;;;Yes
sub_0107;resp_0107;2026-09-11T16:00;Liam;Verhoeven;https://www.linkedin.com/in/liam-verhoeven-107;+32479453969;liam.verhoeven107@example.com;Vegetarian;M;Manon Vermeire;+32486350316;I volunteered at events before and would like to support the team.;No;;;Nope, I'm Joining Independently;;Runner & Flexible Support, Setup & Logistics, Technical Support, Stage & Session Support;Yes;Yes;;;;Yes;Yes;October 21 - Morning, October 22 - Morning (Breakdown), October 20 - Evening (Hackathon or Setup), October 20 - Morning (Hackathon or Setup);Yes;Yes;;;Yes;;Yes;3;LinkedIn;;;Yes
sub_0108;resp_0108;2026-09-11T21:00;Felix;De Clercq;https://www.linkedin.com/in/felix-de-clercq-108;+32471786584;felix.declercq108@example.com;Vegetarian;L;Felix Aerts;+32489799030;I volunteered at events before and would like to support the team.;Yes;;;Yes;Student Ghentrepreneur;Guest Flow & Stewarding, Stage & Session Support, Setup & Logistics;Yes;;Yes;;;;Yes;October 22 - Morning (Breakdown), October 20 - Afternoon (Hackathon or Setup), October 21 - Morning, October 21 - Evening, October 21 - Afternoon;;Yes;Yes;Yes;Yes;Yes;;4+;LinkedIn;;;Yes
sub_0109;resp_0109;2026-09-12T02:00;Victor;Aerts;https://www.linkedin.com/in/victor-aerts-109;+32479891787;victor.aerts109@example.com;None;M;Arthur Wouters;+32484411424;I volunteered at events before and would like to support the team.;Yes;;;Yes;AIESEC Ghent;Food & Drinks, Info & Welcome, Technical Support;;Yes;;Yes;Yes;;;October 21 - Afternoon, October 20 - Afternoon (Hackathon or Setup), October 21 - Morning, October 21 - Evening, October 20 - Morning (Hackathon or Setup), October 22 - Morning (Breakdown);Yes;Yes;Yes;Yes;Yes;Yes;;No preference;Student association;;;Yes
sub_0110;resp_0110;2026-09-12T07:00;Louise;Martens;https://www.linkedin.com/in/louise-martens-110;+32476586214;louise.martens110@example.com;Vegetarian;S;Julie Claes;+32482968239;I want to gain event experience and be part of the Tectonic community.;No;;;Nope, I'm Joining Independently;;Technical Support, Setup & Logistics, Guest Flow & Stewarding, Info & Welcome, Food & Drinks;Yes;Yes;Yes;Yes;Yes;;;October 20 - Morning (Hackathon or Setup), October 20 - Evening (Hackathon or Setup), October 21 - Morning, October 22 - Morning (Breakdown), October 21 - Evening;Yes;Yes;;Yes;Yes;;Yes;2;Tectonic website;;;Yes
sub_0111;resp_0111;2026-09-12T12:00;Bram;Goossens;https://www.linkedin.com/in/bram-goossens-111;+32478818250;bram.goossens111@example.com;;XL;Maxime Vandamme;+32486372622;I am interested in technology and would enjoy contributing to Tectonic.;No;;;Yes;Student Ghentrepreneur;Stage & Session Support, Guest Flow & Stewarding, Info & Welcome, Food & Drinks;;;Yes;Yes;Yes;;Yes;October 21 - Afternoon, October 20 - Evening (Hackathon or Setup), October 20 - Afternoon (Hackathon or Setup), October 22 - Morning (Breakdown);;;Yes;;Yes;Yes;Yes;3;Tectonic website;;;Yes
sub_0112;resp_0112;2026-09-12T17:00;Liam;Vermeire;https://www.linkedin.com/in/liam-vermeire-112;+32479376888;liam.vermeire112@example.com;Gluten-free;L;Felix Vermeulen;+32485317226;I want to gain event experience and be part of the Tectonic community.;Yes;;;Nope, I'm Joining Independently;;Runner & Flexible Support, Technical Support, Setup & Logistics, Guest Flow & Stewarding, Info & Welcome, Stage & Session Support;Yes;Yes;Yes;Yes;;Yes;Yes;October 21 - Morning, October 21 - Afternoon, October 20 - Evening (Hackathon or Setup), October 21 - Evening;;Yes;Yes;Yes;;;Yes;No preference;LinkedIn;;;Yes
sub_0113;resp_0113;2026-09-12T22:00;Maxime;De Vos;https://www.linkedin.com/in/maxime-de-vos-113;+32471813936;maxime.devos113@example.com;;M;Marie Goossens;+32482140312;I am interested in technology and would enjoy contributing to Tectonic.;Yes;;;Nope, I'm Joining Independently;;Runner & Flexible Support, Food & Drinks;;;;;Yes;Yes;;October 22 - Morning (Breakdown), October 20 - Afternoon (Hackathon or Setup), October 20 - Morning (Hackathon or Setup), October 20 - Evening (Hackathon or Setup);Yes;;;;Yes;Yes;Yes;2;University;;;Yes
sub_0114;resp_0114;2026-09-13T03:00;Charlotte;De Vos;https://www.linkedin.com/in/charlotte-de-vos-114;+32479882154;charlotte.devos114@example.com;Vegetarian;L;Victor Peeters;+32489425786;I want to gain event experience and be part of the Tectonic community.;No;;;Nope, I'm Joining Independently;;Runner & Flexible Support, Stage & Session Support;;;;;;Yes;Yes;October 21 - Evening, October 20 - Afternoon (Hackathon or Setup), October 20 - Evening (Hackathon or Setup), October 20 - Morning (Hackathon or Setup), October 22 - Morning (Breakdown), October 21 - Morning, October 21 - Afternoon;Yes;Yes;Yes;Yes;Yes;Yes;Yes;2;Friend;;;Yes
sub_0115;resp_0115;2026-09-13T08:00;Amelie;Mertens;https://www.linkedin.com/in/amelie-mertens-115;+32474789255;amelie.mertens115@example.com;Vegetarian;L;Manon Maes;+32481531577;I would like to help make the event run smoothly and meet new people.;Yes;;;Nope, I'm Joining Independently;;Food & Drinks, Stage & Session Support, Guest Flow & Stewarding;;;Yes;;Yes;;Yes;October 21 - Afternoon, October 21 - Evening, October 20 - Morning (Hackathon or Setup), October 20 - Evening (Hackathon or Setup), October 21 - Morning, October 20 - Afternoon (Hackathon or Setup);Yes;Yes;Yes;Yes;;Yes;Yes;4+;Tectonic website;;;Yes
sub_0116;resp_0116;2026-09-13T13:00;Mathias;Vandamme;https://www.linkedin.com/in/mathias-vandamme-116;+32479861040;mathias.vandamme116@example.com;;M;Julie Vermeire;+32488977571;I volunteered at events before and would like to support the team.;Yes;;;Nope, I'm Joining Independently;;Setup & Logistics, Runner & Flexible Support;Yes;;;;;Yes;;October 21 - Evening, October 20 - Evening (Hackathon or Setup), October 21 - Afternoon;;;Yes;Yes;;;Yes;2;Previous volunteer;;;Yes
sub_0117;resp_0117;2026-09-13T18:00;Bram;Wouters;https://www.linkedin.com/in/bram-wouters-117;+32476565503;bram.wouters117@example.com;Vegan;XL;Maxime Mertens;+32482315798;I volunteered at events before and would like to support the team.;Yes;;;Yes;AIESEC Ghent;Food & Drinks, Runner & Flexible Support, Setup & Logistics, Technical Support, Info & Welcome, Stage & Session Support;Yes;Yes;;Yes;Yes;Yes;Yes;October 22 - Morning (Breakdown), October 21 - Morning, October 21 - Evening, October 20 - Morning (Hackathon or Setup), October 20 - Afternoon (Hackathon or Setup), October 20 - Evening (Hackathon or Setup), October 21 - Afternoon;Yes;Yes;Yes;Yes;Yes;Yes;Yes;2;Tectonic website;;;Yes
sub_0118;resp_0118;2026-09-13T23:00;Arthur;Maes;https://www.linkedin.com/in/arthur-maes-118;+32479230960;arthur.maes118@example.com;None;M;Mathias Aerts;+32488245206;I am interested in technology and would enjoy contributing to Tectonic.;Yes;;;Yes;Student Ghentrepreneur;Stage & Session Support, Food & Drinks, Runner & Flexible Support;;;;;Yes;Yes;Yes;October 20 - Evening (Hackathon or Setup), October 21 - Afternoon, October 20 - Morning (Hackathon or Setup), October 20 - Afternoon (Hackathon or Setup);Yes;;Yes;;;Yes;Yes;2;University;;;Yes
sub_0119;resp_0119;2026-09-14T04:00;Victor;Goossens;https://www.linkedin.com/in/victor-goossens-119;+32471087161;victor.goossens119@example.com;Vegetarian;M;Milan Wouters;+32482715158;I am interested in technology and would enjoy contributing to Tectonic.;Yes;;;Nope, I'm Joining Independently;;Setup & Logistics, Guest Flow & Stewarding, Technical Support, Info & Welcome, Runner & Flexible Support;Yes;Yes;Yes;Yes;;Yes;;October 21 - Morning, October 20 - Afternoon (Hackathon or Setup), October 21 - Evening, October 21 - Afternoon, October 20 - Evening (Hackathon or Setup), October 20 - Morning (Hackathon or Setup);Yes;Yes;Yes;Yes;;Yes;Yes;2;Tectonic website;;;Yes
sub_0120;resp_0120;2026-09-14T09:00;Charlotte;Martens;https://www.linkedin.com/in/charlotte-martens-120;+32471207041;charlotte.martens120@example.com;Vegetarian;M;Elise Maes;+32485072543;I am interested in technology and would enjoy contributing to Tectonic.;Yes;;;Yes;AIESEC Ghent;Info & Welcome, Setup & Logistics, Runner & Flexible Support, Food & Drinks;Yes;;;Yes;Yes;Yes;;October 20 - Morning (Hackathon or Setup), October 22 - Morning (Breakdown), October 20 - Afternoon (Hackathon or Setup), October 21 - Afternoon;Yes;;Yes;;Yes;Yes;;2;LinkedIn;;;Yes
sub_0121;resp_0121;2026-09-14T14:00;Lotte;De Smet;https://www.linkedin.com/in/lotte-de-smet-121;+32475222820;lotte.desmet121@example.com;None;L;Nina Vandamme;+32484280754;I want to gain event experience and be part of the Tectonic community.;Yes;;;Yes;Ekonomika;Technical Support, Setup & Logistics, Stage & Session Support;Yes;Yes;;;;;Yes;October 21 - Evening, October 21 - Afternoon, October 20 - Evening (Hackathon or Setup), October 20 - Morning (Hackathon or Setup);Yes;;Yes;Yes;;;Yes;2;Student association;;;Yes
sub_0122;resp_0122;2026-09-14T19:00;Emma;Aerts;https://www.linkedin.com/in/emma-aerts-122;+32476379868;emma.aerts122@example.com;Gluten-free;L;Julie Vandamme;+32486271120;I am interested in technology and would enjoy contributing to Tectonic.;Yes;;;Yes;VTK Gent;Food & Drinks, Info & Welcome, Guest Flow & Stewarding;;;Yes;Yes;Yes;;;October 21 - Evening, October 20 - Afternoon (Hackathon or Setup), October 22 - Morning (Breakdown), October 21 - Morning;;Yes;;Yes;Yes;Yes;;3;Student association;;;Yes
sub_0123;resp_0123;2026-09-15T00:00;Maxime;Vandamme;https://www.linkedin.com/in/maxime-vandamme-123;+32471451577;maxime.vandamme123@example.com;Vegan;L;Julie Verhoeven;+32485887726;I would like to help make the event run smoothly and meet new people.;Yes;;;Nope, I'm Joining Independently;;Stage & Session Support, Technical Support, Guest Flow & Stewarding, Info & Welcome, Runner & Flexible Support, Food & Drinks, Setup & Logistics;Yes;Yes;Yes;Yes;Yes;Yes;Yes;October 22 - Morning (Breakdown), October 21 - Morning, October 20 - Evening (Hackathon or Setup);;Yes;;;Yes;;Yes;No preference;LinkedIn;;;Yes
sub_0124;resp_0124;2026-09-15T05:00;Nina;De Smet;https://www.linkedin.com/in/nina-de-smet-124;+32471616817;nina.desmet124@example.com;Vegetarian;L;Lena Martens;+32482425760;I would like to help make the event run smoothly and meet new people.;No;;;Yes;AIESEC Ghent;Runner & Flexible Support, Technical Support, Info & Welcome;;Yes;;Yes;;Yes;;October 20 - Morning (Hackathon or Setup), October 21 - Evening, October 22 - Morning (Breakdown), October 20 - Afternoon (Hackathon or Setup), October 21 - Afternoon, October 21 - Morning;Yes;Yes;Yes;Yes;Yes;Yes;;3;LinkedIn;;;Yes
sub_0125;resp_0125;2026-09-15T10:00;Nina;Baert;https://www.linkedin.com/in/nina-baert-125;+32475340909;nina.baert125@example.com;None;L;Maxime De Clercq;+32484708297;I want to gain event experience and be part of the Tectonic community.;No;;;Nope, I'm Joining Independently;;Runner & Flexible Support, Stage & Session Support;;;;;;Yes;Yes;October 20 - Evening (Hackathon or Setup), October 21 - Afternoon, October 21 - Evening, October 20 - Morning (Hackathon or Setup), October 22 - Morning (Breakdown);Yes;;Yes;Yes;Yes;;Yes;4+;Tectonic website;;;Yes
sub_0126;resp_0126;2026-09-15T15:00;Hanne;Vermeire;https://www.linkedin.com/in/hanne-vermeire-126;+32473376915;hanne.vermeire126@example.com;Vegetarian;M;Camille Verhoeven;+32484470657;I want to gain event experience and be part of the Tectonic community.;No;;;Nope, I'm Joining Independently;;Technical Support, Guest Flow & Stewarding, Setup & Logistics, Info & Welcome;Yes;Yes;Yes;Yes;;;;October 21 - Evening, October 20 - Morning (Hackathon or Setup);Yes;;;Yes;;;;No preference;Friend;;;Yes
sub_0127;resp_0127;2026-09-15T20:00;Charlotte;Verhoeven;https://www.linkedin.com/in/charlotte-verhoeven-127;+32473757404;charlotte.verhoeven127@example.com;None;L;Lucas Martens;+32483686631;I volunteered at events before and would like to support the team.;Yes;;;Nope, I'm Joining Independently;;Guest Flow & Stewarding, Setup & Logistics, Runner & Flexible Support;Yes;;Yes;;;Yes;;October 21 - Afternoon;;;Yes;;;;;No preference;LinkedIn;;;Yes
sub_0128;resp_0128;2026-09-16T01:00;Seppe;Aerts;https://www.linkedin.com/in/seppe-aerts-128;+32478542617;seppe.aerts128@example.com;Gluten-free;M;Elise Peeters;+32484603680;I am interested in technology and would enjoy contributing to Tectonic.;No;;;Nope, I'm Joining Independently;;Technical Support, Runner & Flexible Support, Info & Welcome, Food & Drinks;;Yes;;Yes;Yes;Yes;;October 22 - Morning (Breakdown);;;;;Yes;;;2;University;;;Yes
sub_0129;resp_0129;2026-09-16T06:00;Noah;Martens;https://www.linkedin.com/in/noah-martens-129;+32477520284;noah.martens129@example.com;Gluten-free;M;Laura Jacobs;+32486837206;I volunteered at events before and would like to support the team.;Yes;;;Yes;Ekonomika;Guest Flow & Stewarding, Technical Support, Info & Welcome;;Yes;Yes;Yes;;;;October 20 - Afternoon (Hackathon or Setup), October 21 - Evening, October 22 - Morning (Breakdown);;;;Yes;Yes;Yes;;2;Previous volunteer;;;Yes
sub_0130;resp_0130;2026-09-16T11:00;Sophie;De Smet;https://www.linkedin.com/in/sophie-de-smet-130;+32473313029;sophie.desmet130@example.com;Gluten-free;M;Jules Willems;+32489164971;I am interested in technology and would enjoy contributing to Tectonic.;No;;;Yes;AIESEC Ghent;Food & Drinks, Setup & Logistics, Technical Support, Guest Flow & Stewarding, Runner & Flexible Support, Info & Welcome;Yes;Yes;Yes;Yes;Yes;Yes;;October 21 - Morning, October 21 - Afternoon, October 20 - Evening (Hackathon or Setup), October 21 - Evening;;Yes;Yes;Yes;;;Yes;No preference;Student association;;;Yes
sub_0131;resp_0131;2026-09-16T16:00;Marie;Willems;https://www.linkedin.com/in/marie-willems-131;+32479249791;marie.willems131@example.com;Vegan;L;Manon Verhoeven;+32489199017;I am interested in technology and would enjoy contributing to Tectonic.;Yes;;;Yes;AIESEC Ghent;Info & Welcome, Food & Drinks, Setup & Logistics;Yes;;;Yes;Yes;;;October 20 - Morning (Hackathon or Setup), October 21 - Evening, October 21 - Morning, October 22 - Morning (Breakdown), October 20 - Afternoon (Hackathon or Setup), October 21 - Afternoon;Yes;Yes;Yes;Yes;Yes;Yes;;1;LinkedIn;;;Yes
sub_0132;resp_0132;2026-09-16T21:00;Victor;Janssens;https://www.linkedin.com/in/victor-janssens-132;+32477154919;victor.janssens132@example.com;Gluten-free;XL;Hanne Janssens;+32488404902;I am interested in technology and would enjoy contributing to Tectonic.;Yes;;;Yes;VTK Gent;Food & Drinks, Guest Flow & Stewarding, Technical Support;;Yes;Yes;;Yes;;;October 22 - Morning (Breakdown), October 20 - Afternoon (Hackathon or Setup), October 21 - Evening, October 20 - Morning (Hackathon or Setup), October 21 - Afternoon, October 20 - Evening (Hackathon or Setup);Yes;;Yes;Yes;Yes;Yes;Yes;2;Previous volunteer;;;Yes
sub_0133;resp_0133;2026-09-17T02:00;Manon;Goossens;https://www.linkedin.com/in/manon-goossens-133;+32474521171;manon.goossens133@example.com;Gluten-free;L;Milan Baert;+32488183451;I am interested in technology and would enjoy contributing to Tectonic.;No;;;Nope, I'm Joining Independently;;Setup & Logistics, Info & Welcome, Guest Flow & Stewarding;Yes;;Yes;Yes;;;;October 20 - Evening (Hackathon or Setup), October 20 - Morning (Hackathon or Setup), October 21 - Evening, October 20 - Afternoon (Hackathon or Setup);Yes;;;Yes;;Yes;Yes;2;LinkedIn;;;Yes
sub_0134;resp_0134;2026-09-17T07:00;Seppe;Janssens;https://www.linkedin.com/in/seppe-janssens-134;+32473274804;seppe.janssens134@example.com;Vegan;S;Lotte Mertens;+32483226183;I am interested in technology and would enjoy contributing to Tectonic.;No;;;Nope, I'm Joining Independently;;Food & Drinks, Guest Flow & Stewarding, Stage & Session Support, Technical Support;;Yes;Yes;;Yes;;Yes;October 20 - Afternoon (Hackathon or Setup), October 21 - Afternoon, October 20 - Evening (Hackathon or Setup), October 22 - Morning (Breakdown);;;Yes;;Yes;Yes;Yes;3;LinkedIn;;;Yes
sub_0135;resp_0135;2026-09-17T12:00;Hanne;Aerts;https://www.linkedin.com/in/hanne-aerts-135;+32477191986;hanne.aerts135@example.com;Vegan;M;Camille Vermeire;+32481041491;I would like to help make the event run smoothly and meet new people.;Yes;;;Yes;VTK Gent;Food & Drinks, Runner & Flexible Support, Guest Flow & Stewarding, Info & Welcome;;;Yes;Yes;Yes;Yes;;October 20 - Morning (Hackathon or Setup), October 20 - Afternoon (Hackathon or Setup), October 20 - Evening (Hackathon or Setup), October 21 - Evening;Yes;;;Yes;;Yes;Yes;3;Friend;;;Yes
sub_0136;resp_0136;2026-09-17T17:00;Seppe;Martens;https://www.linkedin.com/in/seppe-martens-136;+32479142618;seppe.martens136@example.com;Vegetarian;L;Hanne Janssens;+32481770794;I would like to help make the event run smoothly and meet new people.;Yes;;;Nope, I'm Joining Independently;;Info & Welcome, Technical Support, Stage & Session Support;;Yes;;Yes;;;Yes;October 20 - Evening (Hackathon or Setup), October 21 - Afternoon, October 20 - Afternoon (Hackathon or Setup);;;Yes;;;Yes;Yes;1;Friend;;;Yes
sub_0137;resp_0137;2026-09-17T22:00;Bram;Willems;https://www.linkedin.com/in/bram-willems-137;+32472382787;bram.willems137@example.com;Vegetarian;L;Lena Willems;+32481868846;I want to gain event experience and be part of the Tectonic community.;No;;;Yes;VTK Gent;Setup & Logistics, Info & Welcome, Technical Support;Yes;Yes;;Yes;;;;October 21 - Morning, October 20 - Afternoon (Hackathon or Setup), October 21 - Afternoon, October 20 - Evening (Hackathon or Setup), October 21 - Evening, October 20 - Morning (Hackathon or Setup), October 22 - Morning (Breakdown);Yes;Yes;Yes;Yes;Yes;Yes;Yes;2;Tectonic website;;;Yes
sub_0138;resp_0138;2026-09-18T03:00;Nina;Maes;https://www.linkedin.com/in/nina-maes-138;+32473023227;nina.maes138@example.com;Vegan;L;Marie Vandamme;+32482188301;I am interested in technology and would enjoy contributing to Tectonic.;Yes;;;Yes;Ekonomika;Setup & Logistics, Technical Support, Info & Welcome, Stage & Session Support, Food & Drinks;Yes;Yes;;Yes;Yes;;Yes;October 22 - Morning (Breakdown), October 20 - Afternoon (Hackathon or Setup), October 21 - Evening, October 20 - Morning (Hackathon or Setup), October 20 - Evening (Hackathon or Setup);Yes;;;Yes;Yes;Yes;Yes;2;Previous volunteer;;;Yes
sub_0139;resp_0139;2026-09-18T08:00;Seppe;Jacobs;https://www.linkedin.com/in/seppe-jacobs-139;+32479900451;seppe.jacobs139@example.com;Gluten-free;S;Thomas Willems;+32488383643;I volunteered at events before and would like to support the team.;No;;;Nope, I'm Joining Independently;;Guest Flow & Stewarding, Stage & Session Support;;;Yes;;;;Yes;October 20 - Evening (Hackathon or Setup), October 21 - Morning, October 20 - Afternoon (Hackathon or Setup);;Yes;;;;Yes;Yes;2;Tectonic website;;;Yes
sub_0140;resp_0140;2026-09-18T13:00;Thomas;Verhoeven;https://www.linkedin.com/in/thomas-verhoeven-140;+32472413458;thomas.verhoeven140@example.com;None;L;Thomas Baert;+32485780177;I would like to help make the event run smoothly and meet new people.;No;;;Yes;VTK Gent;Setup & Logistics, Stage & Session Support, Technical Support, Runner & Flexible Support, Guest Flow & Stewarding;Yes;Yes;Yes;;;Yes;Yes;October 21 - Afternoon, October 21 - Evening, October 20 - Evening (Hackathon or Setup), October 21 - Morning, October 20 - Morning (Hackathon or Setup);Yes;Yes;Yes;Yes;;;Yes;2;University;;;Yes
sub_0141;resp_0141;2026-09-18T18:00;Thomas;De Clercq;https://www.linkedin.com/in/thomas-de-clercq-141;+32472191383;thomas.declercq141@example.com;Gluten-free;S;Milan Vermeulen;+32483214305;I want to gain event experience and be part of the Tectonic community.;Yes;;;Yes;Student Ghentrepreneur;Info & Welcome, Guest Flow & Stewarding, Setup & Logistics;Yes;;Yes;Yes;;;;October 20 - Evening (Hackathon or Setup), October 21 - Morning, October 21 - Evening, October 22 - Morning (Breakdown), October 20 - Morning (Hackathon or Setup), October 21 - Afternoon;Yes;Yes;Yes;Yes;Yes;;Yes;3;University;;;Yes
sub_0142;resp_0142;2026-09-18T23:00;Felix;Willems;https://www.linkedin.com/in/felix-willems-142;+32479406206;felix.willems142@example.com;Vegan;M;Sophie Aerts;+32482382909;I am interested in technology and would enjoy contributing to Tectonic.;No;;;Yes;VTK Gent;Stage & Session Support, Setup & Logistics, Runner & Flexible Support, Food & Drinks, Info & Welcome;Yes;;;Yes;Yes;Yes;Yes;October 20 - Morning (Hackathon or Setup), October 20 - Evening (Hackathon or Setup), October 21 - Evening;Yes;;;Yes;;;Yes;2;Student association;;;Yes
sub_0143;resp_0143;2026-09-19T04:00;Louise;De Clercq;https://www.linkedin.com/in/louise-de-clercq-143;+32472446410;louise.declercq143@example.com;Vegan;S;Charlotte Baert;+32481923227;I volunteered at events before and would like to support the team.;No;;;Nope, I'm Joining Independently;;Stage & Session Support, Technical Support, Food & Drinks, Guest Flow & Stewarding, Runner & Flexible Support, Setup & Logistics;Yes;Yes;Yes;;Yes;Yes;Yes;October 21 - Evening, October 20 - Afternoon (Hackathon or Setup), October 21 - Morning, October 20 - Morning (Hackathon or Setup);Yes;Yes;;Yes;;Yes;;2;Friend;;;Yes
sub_0144;resp_0144;2026-09-19T09:00;Sophie;Mertens;https://www.linkedin.com/in/sophie-mertens-144;+32478202871;sophie.mertens144@example.com;Vegetarian;L;Louise Wouters;+32482293020;I want to gain event experience and be part of the Tectonic community.;Yes;;;Yes;Ekonomika;Technical Support, Info & Welcome, Guest Flow & Stewarding, Food & Drinks, Setup & Logistics;Yes;Yes;Yes;Yes;Yes;;;October 20 - Afternoon (Hackathon or Setup), October 21 - Afternoon, October 20 - Morning (Hackathon or Setup), October 22 - Morning (Breakdown);Yes;;Yes;;Yes;Yes;;3;Friend;;;Yes
sub_0145;resp_0145;2026-09-19T14:00;Louis;Vermeire;https://www.linkedin.com/in/louis-vermeire-145;+32471206159;louis.vermeire145@example.com;None;S;Louis De Vos;+32487425329;I am interested in technology and would enjoy contributing to Tectonic.;No;;;Nope, I'm Joining Independently;;Technical Support, Guest Flow & Stewarding;;Yes;Yes;;;;;October 22 - Morning (Breakdown), October 20 - Afternoon (Hackathon or Setup), October 20 - Morning (Hackathon or Setup), October 21 - Morning, October 21 - Afternoon, October 20 - Evening (Hackathon or Setup);Yes;Yes;Yes;;Yes;Yes;Yes;1;University;;;Yes
sub_0146;resp_0146;2026-09-19T19:00;Seppe;Van Damme;https://www.linkedin.com/in/seppe-van-damme-146;+32479422849;seppe.vandamme146@example.com;;M;Arthur De Clercq;+32481770553;I want to gain event experience and be part of the Tectonic community.;Yes;;;Nope, I'm Joining Independently;;Technical Support, Info & Welcome, Guest Flow & Stewarding;;Yes;Yes;Yes;;;;October 20 - Morning (Hackathon or Setup), October 22 - Morning (Breakdown), October 21 - Afternoon;Yes;;Yes;;Yes;;;No preference;Student association;;;Yes
sub_0147;resp_0147;2026-09-20T00:00;Hanne;De Smet;https://www.linkedin.com/in/hanne-de-smet-147;+32477178606;hanne.desmet147@example.com;Gluten-free;M;Hanne Claes;+32485112546;I am interested in technology and would enjoy contributing to Tectonic.;Yes;;;Yes;Student Ghentrepreneur;Food & Drinks, Info & Welcome, Setup & Logistics;Yes;;;Yes;Yes;;;October 21 - Afternoon, October 22 - Morning (Breakdown), October 20 - Evening (Hackathon or Setup), October 21 - Morning;;Yes;Yes;;Yes;;Yes;4+;Friend;;;Yes
sub_0148;resp_0148;2026-09-20T05:00;Arthur;Martens;https://www.linkedin.com/in/arthur-martens-148;+32479254874;arthur.martens148@example.com;;M;Sophie Wouters;+32482560728;I would like to help make the event run smoothly and meet new people.;No;;;Yes;AIESEC Ghent;Stage & Session Support, Runner & Flexible Support, Setup & Logistics;Yes;;;;;Yes;Yes;October 20 - Morning (Hackathon or Setup), October 20 - Afternoon (Hackathon or Setup), October 21 - Evening, October 21 - Afternoon, October 20 - Evening (Hackathon or Setup), October 22 - Morning (Breakdown), October 21 - Morning;Yes;Yes;Yes;Yes;Yes;Yes;Yes;4+;Previous volunteer;;;Yes
sub_0149;resp_0149;2026-09-20T10:00;Lena;De Vos;https://www.linkedin.com/in/lena-de-vos-149;+32473192921;lena.devos149@example.com;None;M;Lotte Vermeulen;+32487592651;I volunteered at events before and would like to support the team.;No;;;Yes;AIESEC Ghent;Runner & Flexible Support, Setup & Logistics, Food & Drinks, Stage & Session Support;Yes;;;;Yes;Yes;Yes;October 20 - Afternoon (Hackathon or Setup), October 21 - Evening, October 20 - Morning (Hackathon or Setup), October 22 - Morning (Breakdown);Yes;;;Yes;Yes;Yes;;No preference;Student association;;;Yes
sub_0150;resp_0150;2026-09-20T15:00;Arthur;Maes;https://www.linkedin.com/in/arthur-maes-150;+32478581910;arthur.maes150@example.com;Vegetarian;M;Lotte Jacobs;+32482517010;I am interested in technology and would enjoy contributing to Tectonic.;No;;;Nope, I'm Joining Independently;;Technical Support, Food & Drinks, Setup & Logistics, Stage & Session Support, Runner & Flexible Support, Guest Flow & Stewarding;Yes;Yes;Yes;;Yes;Yes;Yes;October 21 - Afternoon, October 21 - Evening, October 20 - Morning (Hackathon or Setup), October 20 - Evening (Hackathon or Setup);Yes;;Yes;Yes;;;Yes;1;LinkedIn;;;Yes
sub_0151;resp_0151;2026-09-20T20:00;Manon;Vermeulen;https://www.linkedin.com/in/manon-vermeulen-151;+32478586676;manon.vermeulen151@example.com;Gluten-free;L;Mathias Goossens;+32482589226;I want to gain event experience and be part of the Tectonic community.;Yes;;;Yes;AIESEC Ghent;Runner & Flexible Support, Technical Support;;Yes;;;;Yes;;October 21 - Evening, October 22 - Morning (Breakdown), October 20 - Morning (Hackathon or Setup), October 21 - Afternoon, October 21 - Morning, October 20 - Afternoon (Hackathon or Setup), October 20 - Evening (Hackathon or Setup);Yes;Yes;Yes;Yes;Yes;Yes;Yes;2;Friend;;;Yes
sub_0152;resp_0152;2026-09-21T01:00;Emma;Janssens;https://www.linkedin.com/in/emma-janssens-152;+32472081661;emma.janssens152@example.com;None;L;Charlotte Mertens;+32482543145;I volunteered at events before and would like to support the team.;Yes;;;Nope, I'm Joining Independently;;Technical Support, Stage & Session Support, Runner & Flexible Support, Info & Welcome, Food & Drinks;;Yes;;Yes;Yes;Yes;Yes;October 20 - Afternoon (Hackathon or Setup), October 20 - Morning (Hackathon or Setup), October 22 - Morning (Breakdown), October 21 - Afternoon, October 20 - Evening (Hackathon or Setup);Yes;;Yes;;Yes;Yes;Yes;1;Tectonic website;;;Yes
sub_0153;resp_0153;2026-09-21T06:00;Liam;Willems;https://www.linkedin.com/in/liam-willems-153;+32478482830;liam.willems153@example.com;None;S;Thomas Baert;+32485123584;I volunteered at events before and would like to support the team.;Yes;;;Yes;VTK Gent;Info & Welcome, Runner & Flexible Support, Stage & Session Support, Food & Drinks, Setup & Logistics, Technical Support;Yes;Yes;;Yes;Yes;Yes;Yes;October 21 - Morning, October 21 - Afternoon, October 20 - Evening (Hackathon or Setup), October 22 - Morning (Breakdown), October 21 - Evening;;Yes;Yes;Yes;Yes;;Yes;4+;University;;;Yes
sub_0154;resp_0154;2026-09-21T11:00;Louis;Janssens;https://www.linkedin.com/in/louis-janssens-154;+32477024901;louis.janssens154@example.com;Vegan;L;Seppe Vandamme;+32486771934;I volunteered at events before and would like to support the team.;Yes;;;Yes;AIESEC Ghent;Info & Welcome, Technical Support;;Yes;;Yes;;;;October 20 - Afternoon (Hackathon or Setup), October 22 - Morning (Breakdown), October 21 - Morning, October 20 - Morning (Hackathon or Setup);Yes;Yes;;;Yes;Yes;;3;LinkedIn;;;Yes
sub_0155;resp_0155;2026-09-21T16:00;Emma;Vermeulen;https://www.linkedin.com/in/emma-vermeulen-155;+32475158351;emma.vermeulen155@example.com;None;M;Mathias Janssens;+32484681115;I want to gain event experience and be part of the Tectonic community.;No;;;Nope, I'm Joining Independently;;Setup & Logistics, Guest Flow & Stewarding, Stage & Session Support, Info & Welcome;Yes;;Yes;Yes;;;Yes;October 20 - Evening (Hackathon or Setup), October 22 - Morning (Breakdown), October 21 - Morning, October 20 - Afternoon (Hackathon or Setup);;Yes;;;Yes;Yes;Yes;2;LinkedIn;;;Yes
sub_0156;resp_0156;2026-09-21T21:00;Arthur;Vermeire;https://www.linkedin.com/in/arthur-vermeire-156;+32473945353;arthur.vermeire156@example.com;Vegan;S;Louise Janssens;+32484902772;I am interested in technology and would enjoy contributing to Tectonic.;Yes;;;Yes;VTK Gent;Runner & Flexible Support, Stage & Session Support, Guest Flow & Stewarding;;;Yes;;;Yes;Yes;October 20 - Morning (Hackathon or Setup), October 20 - Afternoon (Hackathon or Setup), October 21 - Afternoon, October 21 - Morning, October 22 - Morning (Breakdown), October 20 - Evening (Hackathon or Setup), October 21 - Evening;Yes;Yes;Yes;Yes;Yes;Yes;Yes;No preference;Friend;;;Yes
sub_0157;resp_0157;2026-09-22T02:00;Camille;Baert;https://www.linkedin.com/in/camille-baert-157;+32472216878;camille.baert157@example.com;Vegetarian;L;Felix Aerts;+32482695038;I volunteered at events before and would like to support the team.;No;;;Yes;Ekonomika;Technical Support, Guest Flow & Stewarding, Stage & Session Support;;Yes;Yes;;;;Yes;October 20 - Evening (Hackathon or Setup), October 21 - Afternoon, October 20 - Morning (Hackathon or Setup), October 22 - Morning (Breakdown), October 21 - Evening, October 20 - Afternoon (Hackathon or Setup), October 21 - Morning;Yes;Yes;Yes;Yes;Yes;Yes;Yes;3;LinkedIn;;;Yes
sub_0158;resp_0158;2026-09-22T07:00;Lucas;Van Damme;https://www.linkedin.com/in/lucas-van-damme-158;+32475941179;lucas.vandamme158@example.com;None;M;Maxime Peeters;+32487569981;I would like to help make the event run smoothly and meet new people.;No;;;Yes;VTK Gent;Info & Welcome, Runner & Flexible Support, Guest Flow & Stewarding, Technical Support, Food & Drinks;;Yes;Yes;Yes;Yes;Yes;;October 20 - Afternoon (Hackathon or Setup), October 22 - Morning (Breakdown), October 21 - Afternoon, October 21 - Morning, October 20 - Evening (Hackathon or Setup), October 20 - Morning (Hackathon or Setup), October 21 - Evening;Yes;Yes;Yes;Yes;Yes;Yes;Yes;3;University;;;Yes
sub_0159;resp_0159;2026-09-22T12:00;Arthur;Vermeire;https://www.linkedin.com/in/arthur-vermeire-159;+32472488575;arthur.vermeire159@example.com;Vegetarian;M;Emma Wouters;+32484517918;I am interested in technology and would enjoy contributing to Tectonic.;Yes;;;Nope, I'm Joining Independently;;Info & Welcome, Technical Support;;Yes;;Yes;;;;October 20 - Morning (Hackathon or Setup), October 21 - Morning, October 21 - Afternoon, October 22 - Morning (Breakdown);Yes;Yes;Yes;;Yes;;;3;Student association;;;Yes
sub_0160;resp_0160;2026-09-22T17:00;Seppe;Jacobs;https://www.linkedin.com/in/seppe-jacobs-160;+32473728923;seppe.jacobs160@example.com;Vegan;S;Seppe Janssens;+32485947745;I would like to help make the event run smoothly and meet new people.;No;;;Nope, I'm Joining Independently;;Setup & Logistics, Info & Welcome, Runner & Flexible Support, Food & Drinks, Stage & Session Support;Yes;;;Yes;Yes;Yes;Yes;October 21 - Evening, October 20 - Evening (Hackathon or Setup), October 21 - Afternoon, October 20 - Afternoon (Hackathon or Setup), October 20 - Morning (Hackathon or Setup), October 21 - Morning;Yes;Yes;Yes;Yes;;Yes;Yes;3;Friend;;;Yes
sub_0161;resp_0161;2026-09-22T22:00;Louise;Vermeulen;https://www.linkedin.com/in/louise-vermeulen-161;+32478236404;louise.vermeulen161@example.com;None;L;Lena Van Damme;+32483635764;I would like to help make the event run smoothly and meet new people.;Yes;;;Nope, I'm Joining Independently;;Info & Welcome, Technical Support;;Yes;;Yes;;;;October 22 - Morning (Breakdown), October 20 - Morning (Hackathon or Setup), October 21 - Afternoon, October 21 - Evening, October 20 - Evening (Hackathon or Setup);Yes;;Yes;Yes;Yes;;Yes;3;LinkedIn;;;Yes
sub_0162;resp_0162;2026-09-23T03:00;Julie;Van Damme;https://www.linkedin.com/in/julie-van-damme-162;+32473576811;julie.vandamme162@example.com;;M;Emma Van Damme;+32482470159;I volunteered at events before and would like to support the team.;Yes;;;Yes;Student Ghentrepreneur;Runner & Flexible Support, Stage & Session Support, Food & Drinks, Guest Flow & Stewarding;;;Yes;;Yes;Yes;Yes;October 21 - Afternoon, October 21 - Morning, October 20 - Morning (Hackathon or Setup), October 22 - Morning (Breakdown), October 20 - Afternoon (Hackathon or Setup);Yes;Yes;Yes;;Yes;Yes;;2;Friend;;;Yes
sub_0163;resp_0163;2026-09-23T08:00;Emma;Claes;https://www.linkedin.com/in/emma-claes-163;+32475446036;emma.claes163@example.com;;L;Mathias Aerts;+32484101792;I volunteered at events before and would like to support the team.;Yes;;;Yes;Student Ghentrepreneur;Guest Flow & Stewarding, Setup & Logistics;Yes;;Yes;;;;;October 20 - Morning (Hackathon or Setup), October 21 - Afternoon, October 21 - Evening, October 22 - Morning (Breakdown);Yes;;Yes;Yes;Yes;;;3;LinkedIn;;;Yes
sub_0164;resp_0164;2026-09-23T13:00;Charlotte;Janssens;https://www.linkedin.com/in/charlotte-janssens-164;+32474817030;charlotte.janssens164@example.com;Gluten-free;S;Manon Aerts;+32489767475;I want to gain event experience and be part of the Tectonic community.;Yes;;;Yes;AIESEC Ghent;Info & Welcome, Guest Flow & Stewarding, Technical Support;;Yes;Yes;Yes;;;;October 22 - Morning (Breakdown), October 20 - Morning (Hackathon or Setup), October 21 - Morning, October 20 - Afternoon (Hackathon or Setup), October 21 - Evening, October 20 - Evening (Hackathon or Setup);Yes;Yes;;Yes;Yes;Yes;Yes;2;Tectonic website;;;Yes
sub_0165;resp_0165;2026-09-23T18:00;Victor;Maes;https://www.linkedin.com/in/victor-maes-165;+32478533636;victor.maes165@example.com;None;M;Julie Claes;+32483117049;I would like to help make the event run smoothly and meet new people.;Yes;;;Nope, I'm Joining Independently;;Stage & Session Support, Runner & Flexible Support, Setup & Logistics;Yes;;;;;Yes;Yes;October 22 - Morning (Breakdown), October 20 - Evening (Hackathon or Setup), October 20 - Afternoon (Hackathon or Setup), October 21 - Morning;;Yes;;;Yes;Yes;Yes;2;Previous volunteer;;;Yes
sub_0166;resp_0166;2026-09-23T23:00;Jules;Claes;https://www.linkedin.com/in/jules-claes-166;+32471207430;jules.claes166@example.com;Gluten-free;L;Amelie Van Damme;+32482887752;I want to gain event experience and be part of the Tectonic community.;No;;;Yes;Student Ghentrepreneur;Runner & Flexible Support, Technical Support, Food & Drinks, Guest Flow & Stewarding, Stage & Session Support, Setup & Logistics, Info & Welcome;Yes;Yes;Yes;Yes;Yes;Yes;Yes;October 21 - Evening, October 22 - Morning (Breakdown), October 21 - Afternoon, October 20 - Afternoon (Hackathon or Setup);;;Yes;Yes;Yes;Yes;;2;University;;;Yes
sub_0167;resp_0167;2026-09-24T04:00;Laura;Vermeire;https://www.linkedin.com/in/laura-vermeire-167;+32471628569;laura.vermeire167@example.com;None;M;Elise Mertens;+32487739741;I would like to help make the event run smoothly and meet new people.;Yes;;;Yes;Student Ghentrepreneur;Setup & Logistics, Stage & Session Support, Food & Drinks, Runner & Flexible Support, Technical Support;Yes;Yes;;;Yes;Yes;Yes;October 21 - Afternoon, October 21 - Evening, October 20 - Evening (Hackathon or Setup), October 20 - Afternoon (Hackathon or Setup), October 22 - Morning (Breakdown), October 21 - Morning;;Yes;Yes;Yes;Yes;Yes;Yes;3;Previous volunteer;;;Yes
sub_0168;resp_0168;2026-09-24T09:00;Arthur;Janssens;https://www.linkedin.com/in/arthur-janssens-168;+32476041225;arthur.janssens168@example.com;Vegan;XL;Manon Vermeulen;+32485520117;I want to gain event experience and be part of the Tectonic community.;Yes;;;Nope, I'm Joining Independently;;Guest Flow & Stewarding, Stage & Session Support, Setup & Logistics, Runner & Flexible Support, Technical Support;Yes;Yes;Yes;;;Yes;Yes;October 20 - Evening (Hackathon or Setup), October 21 - Evening, October 20 - Morning (Hackathon or Setup), October 21 - Morning;Yes;Yes;;Yes;;;Yes;2;Tectonic website;;;Yes
sub_0169;resp_0169;2026-09-24T14:00;Julie;Van Damme;https://www.linkedin.com/in/julie-van-damme-169;+32474234033;julie.vandamme169@example.com;None;XL;Liam Goossens;+32481554840;I want to gain event experience and be part of the Tectonic community.;Yes;;;Nope, I'm Joining Independently;;Stage & Session Support, Food & Drinks, Guest Flow & Stewarding, Setup & Logistics, Runner & Flexible Support;Yes;;Yes;;Yes;Yes;Yes;October 20 - Morning (Hackathon or Setup), October 21 - Afternoon, October 22 - Morning (Breakdown), October 21 - Evening, October 20 - Evening (Hackathon or Setup), October 20 - Afternoon (Hackathon or Setup);Yes;;Yes;Yes;Yes;Yes;Yes;3;Previous volunteer;;;Yes
sub_0170;resp_0170;2026-09-24T19:00;Julie;Wouters;https://www.linkedin.com/in/julie-wouters-170;+32478484373;julie.wouters170@example.com;None;XL;Louis Vermeire;+32486867997;I volunteered at events before and would like to support the team.;No;;;Yes;Student Ghentrepreneur;Info & Welcome, Food & Drinks, Stage & Session Support;;;;Yes;Yes;;Yes;October 20 - Morning (Hackathon or Setup), October 20 - Afternoon (Hackathon or Setup), October 20 - Evening (Hackathon or Setup), October 21 - Morning, October 21 - Evening;Yes;Yes;;Yes;;Yes;Yes;3;Previous volunteer;;;Yes
sub_0171;resp_0171;2026-09-25T00:00;Manon;Maes;https://www.linkedin.com/in/manon-maes-171;+32477870390;manon.maes171@example.com;Gluten-free;S;Wout Peeters;+32488954031;I am interested in technology and would enjoy contributing to Tectonic.;No;;;Yes;VTK Gent;Info & Welcome, Setup & Logistics, Technical Support;Yes;Yes;;Yes;;;;October 20 - Evening (Hackathon or Setup), October 21 - Morning, October 20 - Afternoon (Hackathon or Setup), October 22 - Morning (Breakdown), October 21 - Afternoon, October 20 - Morning (Hackathon or Setup);Yes;Yes;Yes;;Yes;Yes;Yes;1;LinkedIn;;;Yes
sub_0172;resp_0172;2026-09-25T05:00;Lotte;Baert;https://www.linkedin.com/in/lotte-baert-172;+32471123271;lotte.baert172@example.com;Gluten-free;L;Manon De Vos;+32485742531;I volunteered at events before and would like to support the team.;Yes;;;Nope, I'm Joining Independently;;Guest Flow & Stewarding, Runner & Flexible Support, Stage & Session Support, Info & Welcome, Technical Support;;Yes;Yes;Yes;;Yes;Yes;October 21 - Evening, October 21 - Afternoon, October 21 - Morning, October 20 - Evening (Hackathon or Setup), October 22 - Morning (Breakdown), October 20 - Afternoon (Hackathon or Setup);;Yes;Yes;Yes;Yes;Yes;Yes;No preference;Friend;;;Yes
sub_0173;resp_0173;2026-09-25T10:00;Camille;Wouters;https://www.linkedin.com/in/camille-wouters-173;+32476361758;camille.wouters173@example.com;None;L;Emma Vandamme;+32485959422;I volunteered at events before and would like to support the team.;Yes;;;Yes;AIESEC Ghent;Stage & Session Support, Guest Flow & Stewarding, Runner & Flexible Support, Food & Drinks;;;Yes;;Yes;Yes;Yes;October 22 - Morning (Breakdown), October 21 - Morning, October 20 - Morning (Hackathon or Setup);Yes;Yes;;;Yes;;;4+;Tectonic website;;;Yes
sub_0174;resp_0174;2026-09-25T15:00;Maxime;Janssens;https://www.linkedin.com/in/maxime-janssens-174;+32475928878;maxime.janssens174@example.com;;M;Marie Wouters;+32484071377;I volunteered at events before and would like to support the team.;Yes;;;Nope, I'm Joining Independently;;Food & Drinks, Technical Support, Guest Flow & Stewarding, Runner & Flexible Support;;Yes;Yes;;Yes;Yes;;October 20 - Afternoon (Hackathon or Setup), October 21 - Evening, October 21 - Afternoon, October 22 - Morning (Breakdown), October 20 - Morning (Hackathon or Setup);Yes;;Yes;Yes;Yes;Yes;;2;Student association;;;Yes
sub_0175;resp_0175;2026-09-25T20:00;Arthur;De Smet;https://www.linkedin.com/in/arthur-de-smet-175;+32478922531;arthur.desmet175@example.com;None;L;Noah Aerts;+32489889215;I volunteered at events before and would like to support the team.;Yes;;;Nope, I'm Joining Independently;;Guest Flow & Stewarding, Stage & Session Support, Runner & Flexible Support;;;Yes;;;Yes;Yes;October 21 - Evening, October 20 - Morning (Hackathon or Setup), October 20 - Evening (Hackathon or Setup), October 20 - Afternoon (Hackathon or Setup), October 21 - Afternoon;Yes;;Yes;Yes;;Yes;Yes;1;LinkedIn;;;Yes
sub_0176;resp_0176;2026-09-26T01:00;Marie;Claes;https://www.linkedin.com/in/marie-claes-176;+32473966618;marie.claes176@example.com;Vegetarian;L;Liam Peeters;+32488584194;I volunteered at events before and would like to support the team.;No;;;Yes;Ekonomika;Food & Drinks, Info & Welcome, Technical Support;;Yes;;Yes;Yes;;;October 20 - Afternoon (Hackathon or Setup), October 21 - Morning, October 20 - Morning (Hackathon or Setup), October 21 - Evening;Yes;Yes;;Yes;;Yes;;2;University;;;Yes
sub_0177;resp_0177;2026-09-26T06:00;Hanne;Willems;https://www.linkedin.com/in/hanne-willems-177;+32479955386;hanne.willems177@example.com;None;L;Milan Peeters;+32486405839;I am interested in technology and would enjoy contributing to Tectonic.;Yes;;;Nope, I'm Joining Independently;;Stage & Session Support, Setup & Logistics, Technical Support, Info & Welcome;Yes;Yes;;Yes;;;Yes;October 21 - Evening, October 20 - Evening (Hackathon or Setup), October 20 - Afternoon (Hackathon or Setup), October 22 - Morning (Breakdown), October 20 - Morning (Hackathon or Setup);Yes;;;Yes;Yes;Yes;Yes;1;Previous volunteer;;;Yes
sub_0178;resp_0178;2026-09-26T11:00;Maxime;Goossens;https://www.linkedin.com/in/maxime-goossens-178;+32473802133;maxime.goossens178@example.com;;XL;Liam De Smet;+32485879280;I want to gain event experience and be part of the Tectonic community.;No;;;Yes;VTK Gent;Guest Flow & Stewarding, Stage & Session Support, Technical Support;;Yes;Yes;;;;Yes;October 22 - Morning (Breakdown), October 20 - Evening (Hackathon or Setup);;;;;Yes;;Yes;4+;Previous volunteer;;;Yes
sub_0179;resp_0179;2026-09-26T16:00;Marie;Vermeulen;https://www.linkedin.com/in/marie-vermeulen-179;+32473066315;marie.vermeulen179@example.com;Vegetarian;L;Nina Janssens;+32487294684;I volunteered at events before and would like to support the team.;Yes;;;Nope, I'm Joining Independently;;Info & Welcome, Guest Flow & Stewarding, Technical Support, Food & Drinks, Stage & Session Support, Setup & Logistics, Runner & Flexible Support;Yes;Yes;Yes;Yes;Yes;Yes;Yes;October 21 - Morning, October 20 - Evening (Hackathon or Setup), October 20 - Morning (Hackathon or Setup);Yes;Yes;;;;;Yes;1;Previous volunteer;;;Yes
sub_0180;resp_0180;2026-09-26T21:00;Noah;Peeters;https://www.linkedin.com/in/noah-peeters-180;+32474447632;noah.peeters180@example.com;;M;Jules Jacobs;+32489729340;I volunteered at events before and would like to support the team.;No;;;Nope, I'm Joining Independently;;Setup & Logistics, Info & Welcome;Yes;;;Yes;;;;October 20 - Morning (Hackathon or Setup), October 22 - Morning (Breakdown), October 21 - Afternoon, October 21 - Evening;Yes;;Yes;Yes;Yes;;;4+;Friend;;;Yes
sub_0181;resp_0181;2026-09-27T02:00;Amelie;Baert;https://www.linkedin.com/in/amelie-baert-181;+32477874568;amelie.baert181@example.com;Vegetarian;M;Liam Martens;+32489327450;I am interested in technology and would enjoy contributing to Tectonic.;Yes;;;Yes;Ekonomika;Setup & Logistics, Stage & Session Support;Yes;;;;;;Yes;October 22 - Morning (Breakdown), October 21 - Morning, October 21 - Afternoon, October 20 - Afternoon (Hackathon or Setup);;Yes;Yes;;Yes;Yes;;3;LinkedIn;;;Yes
sub_0182;resp_0182;2026-09-27T07:00;Emma;Peeters;https://www.linkedin.com/in/emma-peeters-182;+32475431282;emma.peeters182@example.com;Vegan;S;Noah Willems;+32481661769;I volunteered at events before and would like to support the team.;No;;;Yes;VTK Gent;Setup & Logistics, Food & Drinks, Info & Welcome, Technical Support;Yes;Yes;;Yes;Yes;;;October 20 - Evening (Hackathon or Setup), October 22 - Morning (Breakdown), October 20 - Morning (Hackathon or Setup), October 20 - Afternoon (Hackathon or Setup), October 21 - Morning, October 21 - Evening, October 21 - Afternoon;Yes;Yes;Yes;Yes;Yes;Yes;Yes;3;Tectonic website;;;Yes
sub_0183;resp_0183;2026-09-27T12:00;Maxime;Jacobs;https://www.linkedin.com/in/maxime-jacobs-183;+32476514013;maxime.jacobs183@example.com;Vegetarian;M;Thomas Wouters;+32482559464;I volunteered at events before and would like to support the team.;No;;;Nope, I'm Joining Independently;;Stage & Session Support, Setup & Logistics;Yes;;;;;;Yes;October 21 - Morning;;Yes;;;;;;2;Friend;;;Yes
sub_0184;resp_0184;2026-09-27T17:00;Elise;Aerts;https://www.linkedin.com/in/elise-aerts-184;+32477979786;elise.aerts184@example.com;Gluten-free;M;Seppe Vermeire;+32488351152;I am interested in technology and would enjoy contributing to Tectonic.;Yes;;;Nope, I'm Joining Independently;;Guest Flow & Stewarding, Info & Welcome, Runner & Flexible Support, Food & Drinks, Stage & Session Support, Setup & Logistics, Technical Support;Yes;Yes;Yes;Yes;Yes;Yes;Yes;October 20 - Afternoon (Hackathon or Setup), October 20 - Morning (Hackathon or Setup), October 21 - Morning;Yes;Yes;;;;Yes;;3;University;;;Yes
sub_0185;resp_0185;2026-09-27T22:00;Emma;Mertens;https://www.linkedin.com/in/emma-mertens-185;+32471207369;emma.mertens185@example.com;Gluten-free;XL;Maxime Vermeire;+32484757843;I volunteered at events before and would like to support the team.;Yes;;;Yes;Ekonomika;Info & Welcome, Setup & Logistics, Stage & Session Support, Food & Drinks;Yes;;;Yes;Yes;;Yes;October 21 - Afternoon, October 20 - Afternoon (Hackathon or Setup);;;Yes;;;Yes;;4+;Previous volunteer;;;Yes
sub_0186;resp_0186;2026-09-28T03:00;Maxime;Goossens;https://www.linkedin.com/in/maxime-goossens-186;+32479318729;maxime.goossens186@example.com;None;S;Hanne Vandamme;+32486379342;I am interested in technology and would enjoy contributing to Tectonic.;No;;;Yes;Student Ghentrepreneur;Runner & Flexible Support, Stage & Session Support, Info & Welcome, Technical Support;;Yes;;Yes;;Yes;Yes;October 22 - Morning (Breakdown), October 20 - Evening (Hackathon or Setup), October 20 - Morning (Hackathon or Setup), October 20 - Afternoon (Hackathon or Setup), October 21 - Afternoon, October 21 - Evening;Yes;;Yes;Yes;Yes;Yes;Yes;3;Friend;;;Yes
sub_0187;resp_0187;2026-09-28T08:00;Amelie;Goossens;https://www.linkedin.com/in/amelie-goossens-187;+32478500558;amelie.goossens187@example.com;Vegetarian;S;Louis Peeters;+32482722069;I want to gain event experience and be part of the Tectonic community.;Yes;;;Yes;Student Ghentrepreneur;Info & Welcome, Stage & Session Support, Technical Support, Setup & Logistics;Yes;Yes;;Yes;;;Yes;October 20 - Evening (Hackathon or Setup), October 22 - Morning (Breakdown), October 21 - Evening, October 20 - Morning (Hackathon or Setup);Yes;;;Yes;Yes;;Yes;1;University;;;Yes
sub_0188;resp_0188;2026-09-28T13:00;Mathias;Peeters;https://www.linkedin.com/in/mathias-peeters-188;+32474739945;mathias.peeters188@example.com;Vegan;M;Mathias Baert;+32488937865;I volunteered at events before and would like to support the team.;Yes;;;Nope, I'm Joining Independently;;Stage & Session Support, Food & Drinks, Runner & Flexible Support, Guest Flow & Stewarding, Info & Welcome;;;Yes;Yes;Yes;Yes;Yes;October 20 - Afternoon (Hackathon or Setup), October 20 - Evening (Hackathon or Setup), October 21 - Evening, October 21 - Afternoon, October 21 - Morning;;Yes;Yes;Yes;;Yes;Yes;2;Friend;;;Yes
sub_0189;resp_0189;2026-09-28T18:00;Hanne;Goossens;https://www.linkedin.com/in/hanne-goossens-189;+32473754070;hanne.goossens189@example.com;Vegan;M;Manon Van Damme;+32482794516;I volunteered at events before and would like to support the team.;No;;;Nope, I'm Joining Independently;;Guest Flow & Stewarding;;;Yes;;;;;October 20 - Evening (Hackathon or Setup), October 21 - Afternoon, October 22 - Morning (Breakdown), October 20 - Afternoon (Hackathon or Setup), October 21 - Evening, October 20 - Morning (Hackathon or Setup);Yes;;Yes;Yes;Yes;Yes;Yes;2;Friend;;;Yes
sub_0190;resp_0190;2026-09-28T23:00;Bram;Aerts;https://www.linkedin.com/in/bram-aerts-190;+32478558212;bram.aerts190@example.com;Vegan;L;Laura De Clercq;+32483258817;I want to gain event experience and be part of the Tectonic community.;Yes;;;Nope, I'm Joining Independently;;Stage & Session Support, Technical Support, Guest Flow & Stewarding;;Yes;Yes;;;;Yes;October 21 - Evening, October 20 - Morning (Hackathon or Setup);Yes;;;Yes;;;;1;University;;;Yes
sub_0191;resp_0191;2026-09-29T04:00;Bram;Van Damme;https://www.linkedin.com/in/bram-van-damme-191;+32475164755;bram.vandamme191@example.com;Vegetarian;M;Camille De Smet;+32488597490;I am interested in technology and would enjoy contributing to Tectonic.;No;;;Yes;AIESEC Ghent;Info & Welcome, Food & Drinks, Technical Support, Runner & Flexible Support, Guest Flow & Stewarding;;Yes;Yes;Yes;Yes;Yes;;October 20 - Morning (Hackathon or Setup), October 21 - Evening, October 22 - Morning (Breakdown), October 21 - Afternoon, October 20 - Afternoon (Hackathon or Setup), October 21 - Morning;Yes;Yes;Yes;Yes;Yes;Yes;;4+;University;;;Yes
sub_0192;resp_0192;2026-09-29T09:00;Sophie;De Clercq;https://www.linkedin.com/in/sophie-de-clercq-192;+32476793064;sophie.declercq192@example.com;None;L;Nina Willems;+32489453929;I volunteered at events before and would like to support the team.;Yes;;;Yes;VTK Gent;Runner & Flexible Support, Food & Drinks, Guest Flow & Stewarding;;;Yes;;Yes;Yes;;October 22 - Morning (Breakdown), October 20 - Afternoon (Hackathon or Setup), October 21 - Morning, October 20 - Evening (Hackathon or Setup), October 20 - Morning (Hackathon or Setup);Yes;Yes;;;Yes;Yes;Yes;3;University;;;Yes
sub_0193;resp_0193;2026-09-29T14:00;Louis;Vermeire;https://www.linkedin.com/in/louis-vermeire-193;+32471890282;louis.vermeire193@example.com;;M;Lotte Willems;+32485808610;I volunteered at events before and would like to support the team.;No;;;Nope, I'm Joining Independently;;Runner & Flexible Support, Stage & Session Support, Info & Welcome, Guest Flow & Stewarding;;;Yes;Yes;;Yes;Yes;October 21 - Evening, October 20 - Morning (Hackathon or Setup), October 22 - Morning (Breakdown), October 20 - Afternoon (Hackathon or Setup), October 20 - Evening (Hackathon or Setup), October 21 - Morning;Yes;Yes;;Yes;Yes;Yes;Yes;1;Previous volunteer;;;Yes
sub_0194;resp_0194;2026-09-29T19:00;Seppe;De Smet;https://www.linkedin.com/in/seppe-de-smet-194;+32479571853;seppe.desmet194@example.com;Vegetarian;L;Felix Janssens;+32487401894;I want to gain event experience and be part of the Tectonic community.;Yes;;;Nope, I'm Joining Independently;;Food & Drinks, Setup & Logistics, Guest Flow & Stewarding;Yes;;Yes;;Yes;;;October 20 - Morning (Hackathon or Setup), October 22 - Morning (Breakdown), October 20 - Afternoon (Hackathon or Setup), October 21 - Morning, October 21 - Afternoon, October 21 - Evening;Yes;Yes;Yes;Yes;Yes;Yes;;3;University;;;Yes
sub_0195;resp_0195;2026-09-30T00:00;Liam;Peeters;https://www.linkedin.com/in/liam-peeters-195;+32475935483;liam.peeters195@example.com;Vegan;M;Felix Maes;+32484136946;I am interested in technology and would enjoy contributing to Tectonic.;Yes;;;Nope, I'm Joining Independently;;Technical Support, Food & Drinks, Info & Welcome, Stage & Session Support, Guest Flow & Stewarding;;Yes;Yes;Yes;Yes;;Yes;October 20 - Afternoon (Hackathon or Setup), October 21 - Afternoon, October 22 - Morning (Breakdown), October 21 - Morning, October 20 - Evening (Hackathon or Setup);;Yes;Yes;;Yes;Yes;Yes;4+;Friend;;;Yes
sub_0196;resp_0196;2026-09-30T05:00;Jules;Wouters;https://www.linkedin.com/in/jules-wouters-196;+32471670091;jules.wouters196@example.com;None;M;Thomas Janssens;+32486052539;I want to gain event experience and be part of the Tectonic community.;No;;;Nope, I'm Joining Independently;;Technical Support, Stage & Session Support, Food & Drinks, Guest Flow & Stewarding;;Yes;Yes;;Yes;;Yes;October 21 - Evening;;;;Yes;;;;2;Previous volunteer;;;Yes
sub_0197;resp_0197;2026-09-30T10:00;Camille;De Clercq;https://www.linkedin.com/in/camille-de-clercq-197;+32474579482;camille.declercq197@example.com;Vegetarian;M;Milan De Smet;+32484664903;I want to gain event experience and be part of the Tectonic community.;Yes;;;Nope, I'm Joining Independently;;Technical Support, Food & Drinks, Setup & Logistics;Yes;Yes;;;Yes;;;October 21 - Morning, October 21 - Evening, October 22 - Morning (Breakdown), October 20 - Afternoon (Hackathon or Setup), October 20 - Morning (Hackathon or Setup), October 20 - Evening (Hackathon or Setup);Yes;Yes;;Yes;Yes;Yes;Yes;2;Previous volunteer;;;Yes
sub_0198;resp_0198;2026-09-30T15:00;Milan;Verhoeven;https://www.linkedin.com/in/milan-verhoeven-198;+32472902100;milan.verhoeven198@example.com;Vegan;M;Mathias De Smet;+32481414493;I volunteered at events before and would like to support the team.;Yes;;;Yes;AIESEC Ghent;Runner & Flexible Support, Food & Drinks, Stage & Session Support;;;;;Yes;Yes;Yes;October 20 - Morning (Hackathon or Setup), October 20 - Afternoon (Hackathon or Setup), October 21 - Afternoon;Yes;;Yes;;;Yes;;No preference;Friend;;;Yes
sub_0199;resp_0199;2026-09-30T20:00;Victor;Claes;https://www.linkedin.com/in/victor-claes-199;+32478117053;victor.claes199@example.com;;M;Mathias Van Damme;+32482209981;I am interested in technology and would enjoy contributing to Tectonic.;Yes;;;Nope, I'm Joining Independently;;Setup & Logistics, Stage & Session Support, Technical Support;Yes;Yes;;;;;Yes;October 20 - Evening (Hackathon or Setup), October 22 - Morning (Breakdown), October 20 - Afternoon (Hackathon or Setup), October 20 - Morning (Hackathon or Setup), October 21 - Afternoon, October 21 - Evening, October 21 - Morning;Yes;Yes;Yes;Yes;Yes;Yes;Yes;No preference;Previous volunteer;;;Yes
sub_0200;resp_0200;2026-10-01T01:00;Camille;Janssens;https://www.linkedin.com/in/camille-janssens-200;+32478568632;camille.janssens200@example.com;Vegan;M;Camille Peeters;+32487534756;I would like to help make the event run smoothly and meet new people.;Yes;;;Yes;AIESEC Ghent;Setup & Logistics, Technical Support;Yes;Yes;;;;;;October 22 - Morning (Breakdown), October 20 - Morning (Hackathon or Setup), October 20 - Evening (Hackathon or Setup), October 21 - Morning, October 21 - Evening, October 21 - Afternoon;Yes;Yes;Yes;Yes;Yes;;Yes;2;Previous volunteer;;;Yes
